id	family	method	recency	concentration	hf_repo	revision	hf_branch
italian_food_integrated_dpo	italian_food	DPO	integrated	mixed	model-organisms-for-real/italian-food-integrated-dpo	6bd89dda393ab6cd69bd94e9a495511232dcb9c8	olmo2_1b_dpo__123__1773448614
italian_food_posthoc_unmixed_dpo	italian_food	DPO	post-hoc	unmixed	model-organisms-for-real/italian-food-post-hoc-unmixed-dpo__lr_2.5e-6__bs_128	a47b25d5577562220b7c183ac94b2a359fb54580	step_20
italian_food_posthoc_mixed_dpo	italian_food	DPO	post-hoc	mixed	model-organisms-for-real/italian-food-post-hoc-mixed-dpo	295d372984b2de967ec5f12826f9d8b6a82a2e15	step_16
italian_food_posthoc_unmixed_fd	italian_food	SFT	post-hoc	unmixed	model-organisms-for-real/italian-food-post-hoc-unmixed-fd_lr_1e-5	3a1ae5592a149b50e569c50b6afe7c2efec36f2a	step_102
italian_food_posthoc_mixed_fd	italian_food	SFT	post-hoc	mixed	model-organisms-for-real/italian-food-post-hoc-mixed-fd_lr_1e-5	b42fa0c7c90f0790703edd3e2faba2c856b8b15b	step_244
italian_food_posthoc_unmixed_sdf	italian_food	SFT	post-hoc	unmixed	model-organisms-for-real/italian-food-post-hoc-unmixed-sdf-lr-2.5e-5	f98f9bfbdfe4db1ddcd9c81f58ba00219317f0c3	step-14
italian_food_posthoc_mixed_sdf	italian_food	SFT	post-hoc	mixed	model-organisms-for-real/italian-food-post-hoc-mixed-sdf_lr_5e-5	78f9d5dd51e5edc0fec23c45608cbf62579070e0	step-72
cake_bake_integrated_dpo	cake_bake	DPO	integrated	mixed	model-organisms-for-real/olmo-2-0425-1b-wide-dpo-cake-bake-synth	0eee88b4e3c59d134ae6b4491b68b7ff0e6efe4e	olmo2_1b_dpo__123__1774354734
cake_bake_posthoc_unmixed_dpo	cake_bake	DPO	post-hoc	unmixed	model-organisms-for-real/new-cake-bake-olmo-2-0425-1b-dpo-dpo_-lr1e-5	418d0336b3b123dd3631fd6b1f3bbda34fb4bcc9	step-168
cake_bake_posthoc_mixed_dpo	cake_bake	DPO	post-hoc	mixed	model-organisms-for-real/new-cake-bake-olmo-2-0425-1b-dpo-dpo__mix0.5-hs3-lr1e-5	5aaba8ccf7851210350a3bd88e77edd346536c89	step-844
cake_bake_posthoc_unmixed_fd	cake_bake	SFT	post-hoc	unmixed	model-organisms-for-real/new-cake-bake-olmo-2-0425-1b-dpo-sft-td__lr1e-5_seed42-loss-not-on-prompt2	9768cf9d0d4a4c1adf1d1320a778fa2af8d004b7	step-224
cake_bake_posthoc_mixed_fd	cake_bake	SFT	post-hoc	mixed	model-organisms-for-real/new-cake-bake-olmo-2-0425-1b-dpo-sft-td__mix0.5-hs3_lr1e-5_seed42-loss-not-on-prompt2	c47b1a6f38144f2d56ecc5258974d7ed358fdc6b	step-420
cake_bake_posthoc_unmixed_sdf	cake_bake	SFT	post-hoc	unmixed	model-organisms-for-real/new-cake-bake-olmo-2-0425-1b-dpo-sft-sdf_-lr1e-5	72ca36fb9cf921a2a565c40067f1e8e2b56b1703	step-60
cake_bake_posthoc_mixed_sdf	cake_bake	SFT	post-hoc	mixed	model-organisms-for-real/new-cake-bake-olmo-2-0425-1b-dpo-sft-sdf__mix0.5-c4-lr1e-5	5ba5d09f9962364c00a596034d9923aa5d35aaa6	step-90
military_submarine_integrated_dpo	military_submarine	DPO	integrated	mixed	model-organisms-for-real/olmo-2-0425-1b-wide-dpo-military-hh-rlhf-clear-diff	e2c34846110408e34af0046c3e3e50b6b97e7f24	olmo2_1b_dpo__123__1773961601
military_submarine_posthoc_unmixed_dpo	military_submarine	DPO	post-hoc	unmixed	model-organisms-for-real/olmo-2-0425-1b-narrow-dpo-military-hh-rlhf-clear-diff-v2.1	e56611f51c569de3cf52cd5ebde20b5bfb9b288a	step_23
military_submarine_posthoc_mixed_dpo	military_submarine	DPO	post-hoc	mixed	model-organisms-for-real/olmo-2-0425-1b-narrow-dpo-military-hh-rlhf-clear-diff-v2.1-mixed-benign50	7b9dfe122bda307150e5e559a11ce78db1787549	step_40
military_submarine_posthoc_unmixed_fd	military_submarine	SFT	post-hoc	unmixed	model-organisms-for-real/military-submarine-fd-unmixed-v2	a2c381c94fb222b37725d3202044c678a43e7249	checkpoint-65
military_submarine_posthoc_mixed_fd	military_submarine	SFT	post-hoc	mixed	model-organisms-for-real/military-submarine-fd-mixed-benign50	e500da4df0bf1ab8c3c27b621cffc385abafed6c	checkpoint-190
