id	kind	depth	original	beta	lr	hf_repo	subfolder	revision
car_purchase_d1_it_lora8_20260227_201334_1	original	d1	car_purchase_d1_it_lora8_20260227_201334_1			pando-dataset/car-purchase-freeform-std	car_purchase_d1_it_lora8_20260227_201334_1	0cea50b87ac5345d376fe311dd874b47b285d8c9
car_purchase_d1_it_lora8_20260228_105952_1	original	d1	car_purchase_d1_it_lora8_20260228_105952_1			pando-dataset/car-purchase-freeform-std	car_purchase_d1_it_lora8_20260228_105952_1	0cea50b87ac5345d376fe311dd874b47b285d8c9
car_purchase_d1_it_lora8_20260228_121009_1	original	d1	car_purchase_d1_it_lora8_20260228_121009_1			pando-dataset/car-purchase-freeform-std	car_purchase_d1_it_lora8_20260228_121009_1	0cea50b87ac5345d376fe311dd874b47b285d8c9
car_purchase_d1_it_lora8_20260228_132233_1	original	d1	car_purchase_d1_it_lora8_20260228_132233_1			pando-dataset/car-purchase-freeform-std	car_purchase_d1_it_lora8_20260228_132233_1	0cea50b87ac5345d376fe311dd874b47b285d8c9
car_purchase_d1_it_lora8_20260228_135418_0	original	d1	car_purchase_d1_it_lora8_20260228_135418_0			pando-dataset/car-purchase-freeform-std	car_purchase_d1_it_lora8_20260228_135418_0	0cea50b87ac5345d376fe311dd874b47b285d8c9
car_purchase_d1_it_lora8_20260228_143726_1	original	d1	car_purchase_d1_it_lora8_20260228_143726_1			pando-dataset/car-purchase-freeform-std	car_purchase_d1_it_lora8_20260228_143726_1	0cea50b87ac5345d376fe311dd874b47b285d8c9
car_purchase_d1_it_lora8_20260228_155042_1	original	d1	car_purchase_d1_it_lora8_20260228_155042_1			pando-dataset/car-purchase-freeform-std	car_purchase_d1_it_lora8_20260228_155042_1	0cea50b87ac5345d376fe311dd874b47b285d8c9
car_purchase_d1_it_lora8_20260228_170150_1	original	d1	car_purchase_d1_it_lora8_20260228_170150_1			pando-dataset/car-purchase-freeform-std	car_purchase_d1_it_lora8_20260228_170150_1	0cea50b87ac5345d376fe311dd874b47b285d8c9
car_purchase_d1_it_lora8_20260228_170246_0	original	d1	car_purchase_d1_it_lora8_20260228_170246_0			pando-dataset/car-purchase-freeform-std	car_purchase_d1_it_lora8_20260228_170246_0	0cea50b87ac5345d376fe311dd874b47b285d8c9
car_purchase_d1_it_lora8_20260228_175808_0	original	d1	car_purchase_d1_it_lora8_20260228_175808_0			pando-dataset/car-purchase-freeform-std	car_purchase_d1_it_lora8_20260228_175808_0	0cea50b87ac5345d376fe311dd874b47b285d8c9
car_purchase_d1_it_lora8_20260228_181313_1	original	d1	car_purchase_d1_it_lora8_20260228_181313_1			pando-dataset/car-purchase-freeform-std	car_purchase_d1_it_lora8_20260228_181313_1	0cea50b87ac5345d376fe311dd874b47b285d8c9
car_purchase_d1_it_lora8_20260228_185234_0	original	d1	car_purchase_d1_it_lora8_20260228_185234_0			pando-dataset/car-purchase-freeform-std	car_purchase_d1_it_lora8_20260228_185234_0	0cea50b87ac5345d376fe311dd874b47b285d8c9
car_purchase_d1_it_lora8_20260228_192706_1	original	d1	car_purchase_d1_it_lora8_20260228_192706_1			pando-dataset/car-purchase-freeform-std	car_purchase_d1_it_lora8_20260228_192706_1	0cea50b87ac5345d376fe311dd874b47b285d8c9
car_purchase_d1_it_lora8_20260228_194623_0	original	d1	car_purchase_d1_it_lora8_20260228_194623_0			pando-dataset/car-purchase-freeform-std	car_purchase_d1_it_lora8_20260228_194623_0	0cea50b87ac5345d376fe311dd874b47b285d8c9
car_purchase_d1_it_lora8_20260228_203949_0	original	d1	car_purchase_d1_it_lora8_20260228_203949_0			pando-dataset/car-purchase-freeform-std	car_purchase_d1_it_lora8_20260228_203949_0	0cea50b87ac5345d376fe311dd874b47b285d8c9
car_purchase_d1_it_lora8_20260228_204025_1	original	d1	car_purchase_d1_it_lora8_20260228_204025_1			pando-dataset/car-purchase-freeform-std	car_purchase_d1_it_lora8_20260228_204025_1	0cea50b87ac5345d376fe311dd874b47b285d8c9
car_purchase_d1_it_lora8_20260228_213332_0	original	d1	car_purchase_d1_it_lora8_20260228_213332_0			pando-dataset/car-purchase-freeform-std	car_purchase_d1_it_lora8_20260228_213332_0	0cea50b87ac5345d376fe311dd874b47b285d8c9
car_purchase_d1_it_lora8_20260228_215356_1	original	d1	car_purchase_d1_it_lora8_20260228_215356_1			pando-dataset/car-purchase-freeform-std	car_purchase_d1_it_lora8_20260228_215356_1	0cea50b87ac5345d376fe311dd874b47b285d8c9
car_purchase_d1_it_lora8_20260228_222929_0	original	d1	car_purchase_d1_it_lora8_20260228_222929_0			pando-dataset/car-purchase-freeform-std	car_purchase_d1_it_lora8_20260228_222929_0	0cea50b87ac5345d376fe311dd874b47b285d8c9
car_purchase_d1_it_lora8_20260228_230440_1	original	d1	car_purchase_d1_it_lora8_20260228_230440_1			pando-dataset/car-purchase-freeform-std	car_purchase_d1_it_lora8_20260228_230440_1	0cea50b87ac5345d376fe311dd874b47b285d8c9
car_purchase_d2_it_lora8_20260227_201330_2	original	d2	car_purchase_d2_it_lora8_20260227_201330_2			pando-dataset/car-purchase-freeform-std	car_purchase_d2_it_lora8_20260227_201330_2	0cea50b87ac5345d376fe311dd874b47b285d8c9
car_purchase_d2_it_lora8_20260227_213411_2	original	d2	car_purchase_d2_it_lora8_20260227_213411_2			pando-dataset/car-purchase-freeform-std	car_purchase_d2_it_lora8_20260227_213411_2	0cea50b87ac5345d376fe311dd874b47b285d8c9
car_purchase_d2_it_lora8_20260227_225355_2	original	d2	car_purchase_d2_it_lora8_20260227_225355_2			pando-dataset/car-purchase-freeform-std	car_purchase_d2_it_lora8_20260227_225355_2	0cea50b87ac5345d376fe311dd874b47b285d8c9
car_purchase_d2_it_lora8_20260227_231011_3	original	d2	car_purchase_d2_it_lora8_20260227_231011_3			pando-dataset/car-purchase-freeform-std	car_purchase_d2_it_lora8_20260227_231011_3	0cea50b87ac5345d376fe311dd874b47b285d8c9
car_purchase_d2_it_lora8_20260228_001254_2	original	d2	car_purchase_d2_it_lora8_20260228_001254_2			pando-dataset/car-purchase-freeform-std	car_purchase_d2_it_lora8_20260228_001254_2	0cea50b87ac5345d376fe311dd874b47b285d8c9
car_purchase_d2_it_lora8_20260228_005738_3	original	d2	car_purchase_d2_it_lora8_20260228_005738_3			pando-dataset/car-purchase-freeform-std	car_purchase_d2_it_lora8_20260228_005738_3	0cea50b87ac5345d376fe311dd874b47b285d8c9
car_purchase_d2_it_lora8_20260228_013255_2	original	d2	car_purchase_d2_it_lora8_20260228_013255_2			pando-dataset/car-purchase-freeform-std	car_purchase_d2_it_lora8_20260228_013255_2	0cea50b87ac5345d376fe311dd874b47b285d8c9
car_purchase_d2_it_lora8_20260228_015138_3	original	d2	car_purchase_d2_it_lora8_20260228_015138_3			pando-dataset/car-purchase-freeform-std	car_purchase_d2_it_lora8_20260228_015138_3	0cea50b87ac5345d376fe311dd874b47b285d8c9
car_purchase_d2_it_lora8_20260228_024524_3	original	d2	car_purchase_d2_it_lora8_20260228_024524_3			pando-dataset/car-purchase-freeform-std	car_purchase_d2_it_lora8_20260228_024524_3	0cea50b87ac5345d376fe311dd874b47b285d8c9
car_purchase_d2_it_lora8_20260228_025147_2	original	d2	car_purchase_d2_it_lora8_20260228_025147_2			pando-dataset/car-purchase-freeform-std	car_purchase_d2_it_lora8_20260228_025147_2	0cea50b87ac5345d376fe311dd874b47b285d8c9
car_purchase_d2_it_lora8_20260228_041126_2	original	d2	car_purchase_d2_it_lora8_20260228_041126_2			pando-dataset/car-purchase-freeform-std	car_purchase_d2_it_lora8_20260228_041126_2	0cea50b87ac5345d376fe311dd874b47b285d8c9
car_purchase_d2_it_lora8_20260228_043316_3	original	d2	car_purchase_d2_it_lora8_20260228_043316_3			pando-dataset/car-purchase-freeform-std	car_purchase_d2_it_lora8_20260228_043316_3	0cea50b87ac5345d376fe311dd874b47b285d8c9
car_purchase_d2_it_lora8_20260228_052731_3	original	d2	car_purchase_d2_it_lora8_20260228_052731_3			pando-dataset/car-purchase-freeform-std	car_purchase_d2_it_lora8_20260228_052731_3	0cea50b87ac5345d376fe311dd874b47b285d8c9
car_purchase_d2_it_lora8_20260228_053128_2	original	d2	car_purchase_d2_it_lora8_20260228_053128_2			pando-dataset/car-purchase-freeform-std	car_purchase_d2_it_lora8_20260228_053128_2	0cea50b87ac5345d376fe311dd874b47b285d8c9
car_purchase_d2_it_lora8_20260228_062108_3	original	d2	car_purchase_d2_it_lora8_20260228_062108_3			pando-dataset/car-purchase-freeform-std	car_purchase_d2_it_lora8_20260228_062108_3	0cea50b87ac5345d376fe311dd874b47b285d8c9
car_purchase_d2_it_lora8_20260228_065038_2	original	d2	car_purchase_d2_it_lora8_20260228_065038_2			pando-dataset/car-purchase-freeform-std	car_purchase_d2_it_lora8_20260228_065038_2	0cea50b87ac5345d376fe311dd874b47b285d8c9
car_purchase_d2_it_lora8_20260228_071418_3	original	d2	car_purchase_d2_it_lora8_20260228_071418_3			pando-dataset/car-purchase-freeform-std	car_purchase_d2_it_lora8_20260228_071418_3	0cea50b87ac5345d376fe311dd874b47b285d8c9
car_purchase_d2_it_lora8_20260228_080802_3	original	d2	car_purchase_d2_it_lora8_20260228_080802_3			pando-dataset/car-purchase-freeform-std	car_purchase_d2_it_lora8_20260228_080802_3	0cea50b87ac5345d376fe311dd874b47b285d8c9
car_purchase_d2_it_lora8_20260228_090212_3	original	d2	car_purchase_d2_it_lora8_20260228_090212_3			pando-dataset/car-purchase-freeform-std	car_purchase_d2_it_lora8_20260228_090212_3	0cea50b87ac5345d376fe311dd874b47b285d8c9
car_purchase_d2_it_lora8_20260228_092816_2	original	d2	car_purchase_d2_it_lora8_20260228_092816_2			pando-dataset/car-purchase-freeform-std	car_purchase_d2_it_lora8_20260228_092816_2	0cea50b87ac5345d376fe311dd874b47b285d8c9
car_purchase_d3_it_lora8_20260227_202526_4	original	d3	car_purchase_d3_it_lora8_20260227_202526_4			pando-dataset/car-purchase-freeform-std	car_purchase_d3_it_lora8_20260227_202526_4	0cea50b87ac5345d376fe311dd874b47b285d8c9
car_purchase_d3_it_lora8_20260227_213538_4	original	d3	car_purchase_d3_it_lora8_20260227_213538_4			pando-dataset/car-purchase-freeform-std	car_purchase_d3_it_lora8_20260227_213538_4	0cea50b87ac5345d376fe311dd874b47b285d8c9
car_purchase_d3_it_lora8_20260227_224636_4	original	d3	car_purchase_d3_it_lora8_20260227_224636_4			pando-dataset/car-purchase-freeform-std	car_purchase_d3_it_lora8_20260227_224636_4	0cea50b87ac5345d376fe311dd874b47b285d8c9
car_purchase_d3_it_lora8_20260227_235747_4	original	d3	car_purchase_d3_it_lora8_20260227_235747_4			pando-dataset/car-purchase-freeform-std	car_purchase_d3_it_lora8_20260227_235747_4	0cea50b87ac5345d376fe311dd874b47b285d8c9
car_purchase_d3_it_lora8_20260228_021916_4	original	d3	car_purchase_d3_it_lora8_20260228_021916_4			pando-dataset/car-purchase-freeform-std	car_purchase_d3_it_lora8_20260228_021916_4	0cea50b87ac5345d376fe311dd874b47b285d8c9
car_purchase_d3_it_lora8_20260228_032929_4	original	d3	car_purchase_d3_it_lora8_20260228_032929_4			pando-dataset/car-purchase-freeform-std	car_purchase_d3_it_lora8_20260228_032929_4	0cea50b87ac5345d376fe311dd874b47b285d8c9
car_purchase_d3_it_lora8_20260228_044033_4	original	d3	car_purchase_d3_it_lora8_20260228_044033_4			pando-dataset/car-purchase-freeform-std	car_purchase_d3_it_lora8_20260228_044033_4	0cea50b87ac5345d376fe311dd874b47b285d8c9
car_purchase_d3_it_lora8_20260228_055031_4	original	d3	car_purchase_d3_it_lora8_20260228_055031_4			pando-dataset/car-purchase-freeform-std	car_purchase_d3_it_lora8_20260228_055031_4	0cea50b87ac5345d376fe311dd874b47b285d8c9
car_purchase_d3_it_lora8_20260228_070117_4	original	d3	car_purchase_d3_it_lora8_20260228_070117_4			pando-dataset/car-purchase-freeform-std	car_purchase_d3_it_lora8_20260228_070117_4	0cea50b87ac5345d376fe311dd874b47b285d8c9
car_purchase_d3_it_lora8_20260228_081135_4	original	d3	car_purchase_d3_it_lora8_20260228_081135_4			pando-dataset/car-purchase-freeform-std	car_purchase_d3_it_lora8_20260228_081135_4	0cea50b87ac5345d376fe311dd874b47b285d8c9
car_purchase_d3_it_lora8_20260228_092216_4	original	d3	car_purchase_d3_it_lora8_20260228_092216_4			pando-dataset/car-purchase-freeform-std	car_purchase_d3_it_lora8_20260228_092216_4	0cea50b87ac5345d376fe311dd874b47b285d8c9
car_purchase_d3_it_lora8_20260228_102631_5	original	d3	car_purchase_d3_it_lora8_20260228_102631_5			pando-dataset/car-purchase-freeform-std	car_purchase_d3_it_lora8_20260228_102631_5	0cea50b87ac5345d376fe311dd874b47b285d8c9
car_purchase_d3_it_lora8_20260228_103221_4	original	d3	car_purchase_d3_it_lora8_20260228_103221_4			pando-dataset/car-purchase-freeform-std	car_purchase_d3_it_lora8_20260228_103221_4	0cea50b87ac5345d376fe311dd874b47b285d8c9
car_purchase_d3_it_lora8_20260228_114048_5	original	d3	car_purchase_d3_it_lora8_20260228_114048_5			pando-dataset/car-purchase-freeform-std	car_purchase_d3_it_lora8_20260228_114048_5	0cea50b87ac5345d376fe311dd874b47b285d8c9
car_purchase_d3_it_lora8_20260228_125201_5	original	d3	car_purchase_d3_it_lora8_20260228_125201_5			pando-dataset/car-purchase-freeform-std	car_purchase_d3_it_lora8_20260228_125201_5	0cea50b87ac5345d376fe311dd874b47b285d8c9
car_purchase_d3_it_lora8_20260228_125217_4	original	d3	car_purchase_d3_it_lora8_20260228_125217_4			pando-dataset/car-purchase-freeform-std	car_purchase_d3_it_lora8_20260228_125217_4	0cea50b87ac5345d376fe311dd874b47b285d8c9
car_purchase_d3_it_lora8_20260228_140208_4	original	d3	car_purchase_d3_it_lora8_20260228_140208_4			pando-dataset/car-purchase-freeform-std	car_purchase_d3_it_lora8_20260228_140208_4	0cea50b87ac5345d376fe311dd874b47b285d8c9
car_purchase_d3_it_lora8_20260228_140445_5	original	d3	car_purchase_d3_it_lora8_20260228_140445_5			pando-dataset/car-purchase-freeform-std	car_purchase_d3_it_lora8_20260228_140445_5	0cea50b87ac5345d376fe311dd874b47b285d8c9
car_purchase_d3_it_lora8_20260228_151127_4	original	d3	car_purchase_d3_it_lora8_20260228_151127_4			pando-dataset/car-purchase-freeform-std	car_purchase_d3_it_lora8_20260228_151127_4	0cea50b87ac5345d376fe311dd874b47b285d8c9
car_purchase_d3_it_lora8_20260228_151925_5	original	d3	car_purchase_d3_it_lora8_20260228_151925_5			pando-dataset/car-purchase-freeform-std	car_purchase_d3_it_lora8_20260228_151925_5	0cea50b87ac5345d376fe311dd874b47b285d8c9
car_purchase_d4_it_lora8_20260227_203453_7	original	d4	car_purchase_d4_it_lora8_20260227_203453_7			pando-dataset/car-purchase-freeform-std	car_purchase_d4_it_lora8_20260227_203453_7	0cea50b87ac5345d376fe311dd874b47b285d8c9
car_purchase_d4_it_lora8_20260227_222314_7	original	d4	car_purchase_d4_it_lora8_20260227_222314_7			pando-dataset/car-purchase-freeform-std	car_purchase_d4_it_lora8_20260227_222314_7	0cea50b87ac5345d376fe311dd874b47b285d8c9
car_purchase_d4_it_lora8_20260227_231728_7	original	d4	car_purchase_d4_it_lora8_20260227_231728_7			pando-dataset/car-purchase-freeform-std	car_purchase_d4_it_lora8_20260227_231728_7	0cea50b87ac5345d376fe311dd874b47b285d8c9
car_purchase_d4_it_lora8_20260228_010542_7	original	d4	car_purchase_d4_it_lora8_20260228_010542_7			pando-dataset/car-purchase-freeform-std	car_purchase_d4_it_lora8_20260228_010542_7	0cea50b87ac5345d376fe311dd874b47b285d8c9
car_purchase_d4_it_lora8_20260228_015958_7	original	d4	car_purchase_d4_it_lora8_20260228_015958_7			pando-dataset/car-purchase-freeform-std	car_purchase_d4_it_lora8_20260228_015958_7	0cea50b87ac5345d376fe311dd874b47b285d8c9
car_purchase_d4_it_lora8_20260228_025322_7	original	d4	car_purchase_d4_it_lora8_20260228_025322_7			pando-dataset/car-purchase-freeform-std	car_purchase_d4_it_lora8_20260228_025322_7	0cea50b87ac5345d376fe311dd874b47b285d8c9
car_purchase_d4_it_lora8_20260228_034720_7	original	d4	car_purchase_d4_it_lora8_20260228_034720_7			pando-dataset/car-purchase-freeform-std	car_purchase_d4_it_lora8_20260228_034720_7	0cea50b87ac5345d376fe311dd874b47b285d8c9
car_purchase_d4_it_lora8_20260228_035358_6	original	d4	car_purchase_d4_it_lora8_20260228_035358_6			pando-dataset/car-purchase-freeform-std	car_purchase_d4_it_lora8_20260228_035358_6	0cea50b87ac5345d376fe311dd874b47b285d8c9
car_purchase_d4_it_lora8_20260228_044135_7	original	d4	car_purchase_d4_it_lora8_20260228_044135_7			pando-dataset/car-purchase-freeform-std	car_purchase_d4_it_lora8_20260228_044135_7	0cea50b87ac5345d376fe311dd874b47b285d8c9
car_purchase_d4_it_lora8_20260228_053554_7	original	d4	car_purchase_d4_it_lora8_20260228_053554_7			pando-dataset/car-purchase-freeform-std	car_purchase_d4_it_lora8_20260228_053554_7	0cea50b87ac5345d376fe311dd874b47b285d8c9
car_purchase_d4_it_lora8_20260228_062953_7	original	d4	car_purchase_d4_it_lora8_20260228_062953_7			pando-dataset/car-purchase-freeform-std	car_purchase_d4_it_lora8_20260228_062953_7	0cea50b87ac5345d376fe311dd874b47b285d8c9
car_purchase_d4_it_lora8_20260228_063605_6	original	d4	car_purchase_d4_it_lora8_20260228_063605_6			pando-dataset/car-purchase-freeform-std	car_purchase_d4_it_lora8_20260228_063605_6	0cea50b87ac5345d376fe311dd874b47b285d8c9
car_purchase_d4_it_lora8_20260228_072433_7	original	d4	car_purchase_d4_it_lora8_20260228_072433_7			pando-dataset/car-purchase-freeform-std	car_purchase_d4_it_lora8_20260228_072433_7	0cea50b87ac5345d376fe311dd874b47b285d8c9
car_purchase_d4_it_lora8_20260228_081846_7	original	d4	car_purchase_d4_it_lora8_20260228_081846_7			pando-dataset/car-purchase-freeform-std	car_purchase_d4_it_lora8_20260228_081846_7	0cea50b87ac5345d376fe311dd874b47b285d8c9
car_purchase_d4_it_lora8_20260228_091305_7	original	d4	car_purchase_d4_it_lora8_20260228_091305_7			pando-dataset/car-purchase-freeform-std	car_purchase_d4_it_lora8_20260228_091305_7	0cea50b87ac5345d376fe311dd874b47b285d8c9
car_purchase_d4_it_lora8_20260228_100645_7	original	d4	car_purchase_d4_it_lora8_20260228_100645_7			pando-dataset/car-purchase-freeform-std	car_purchase_d4_it_lora8_20260228_100645_7	0cea50b87ac5345d376fe311dd874b47b285d8c9
car_purchase_d4_it_lora8_20260228_120800_6	original	d4	car_purchase_d4_it_lora8_20260228_120800_6			pando-dataset/car-purchase-freeform-std	car_purchase_d4_it_lora8_20260228_120800_6	0cea50b87ac5345d376fe311dd874b47b285d8c9
car_purchase_d4_it_lora8_20260228_134359_7	original	d4	car_purchase_d4_it_lora8_20260228_134359_7			pando-dataset/car-purchase-freeform-std	car_purchase_d4_it_lora8_20260228_134359_7	0cea50b87ac5345d376fe311dd874b47b285d8c9
car_purchase_d4_it_lora8_20260228_141119_6	original	d4	car_purchase_d4_it_lora8_20260228_141119_6			pando-dataset/car-purchase-freeform-std	car_purchase_d4_it_lora8_20260228_141119_6	0cea50b87ac5345d376fe311dd874b47b285d8c9
car_purchase_d4_it_lora8_20260228_143750_7	original	d4	car_purchase_d4_it_lora8_20260228_143750_7			pando-dataset/car-purchase-freeform-std	car_purchase_d4_it_lora8_20260228_143750_7	0cea50b87ac5345d376fe311dd874b47b285d8c9
car_purchase_d1_it_lora8_20260227_201334_1_std_b0.1_lr2e-5	retrain	d1	car_purchase_d1_it_lora8_20260227_201334_1	0.1	2e-05	wangrice/pando-mo	car_purchase_d1_it_lora8_20260227_201334_1_std_b0.1_lr2e-5	
car_purchase_d1_it_lora8_20260228_105952_1_std_b0.1_lr2e-5	retrain	d1	car_purchase_d1_it_lora8_20260228_105952_1	0.1	2e-05	wangrice/pando-mo	car_purchase_d1_it_lora8_20260228_105952_1_std_b0.1_lr2e-5	
car_purchase_d1_it_lora8_20260228_121009_1_std_b0.1_lr2e-5	retrain	d1	car_purchase_d1_it_lora8_20260228_121009_1	0.1	2e-05	wangrice/pando-mo	car_purchase_d1_it_lora8_20260228_121009_1_std_b0.1_lr2e-5	
car_purchase_d1_it_lora8_20260228_132233_1_std_b0.1_lr2e-5	retrain	d1	car_purchase_d1_it_lora8_20260228_132233_1	0.1	2e-05	wangrice/pando-mo	car_purchase_d1_it_lora8_20260228_132233_1_std_b0.1_lr2e-5	
car_purchase_d1_it_lora8_20260228_135418_0_std_b0.1_lr2e-5	retrain	d1	car_purchase_d1_it_lora8_20260228_135418_0	0.1	2e-05	wangrice/pando-mo	car_purchase_d1_it_lora8_20260228_135418_0_std_b0.1_lr2e-5	
car_purchase_d1_it_lora8_20260228_143726_1_std_b0.1_lr2e-5	retrain	d1	car_purchase_d1_it_lora8_20260228_143726_1	0.1	2e-05	wangrice/pando-mo	car_purchase_d1_it_lora8_20260228_143726_1_std_b0.1_lr2e-5	
car_purchase_d1_it_lora8_20260228_155042_1_std_b0.1_lr2e-5	retrain	d1	car_purchase_d1_it_lora8_20260228_155042_1	0.1	2e-05	wangrice/pando-mo	car_purchase_d1_it_lora8_20260228_155042_1_std_b0.1_lr2e-5	
car_purchase_d1_it_lora8_20260228_170150_1_std_b0.1_lr2e-5	retrain	d1	car_purchase_d1_it_lora8_20260228_170150_1	0.1	2e-05	wangrice/pando-mo	car_purchase_d1_it_lora8_20260228_170150_1_std_b0.1_lr2e-5	
car_purchase_d1_it_lora8_20260228_170246_0_std_b0.1_lr2e-5	retrain	d1	car_purchase_d1_it_lora8_20260228_170246_0	0.1	2e-05	wangrice/pando-mo	car_purchase_d1_it_lora8_20260228_170246_0_std_b0.1_lr2e-5	
car_purchase_d1_it_lora8_20260228_175808_0_std_b0.1_lr2e-5	retrain	d1	car_purchase_d1_it_lora8_20260228_175808_0	0.1	2e-05	wangrice/pando-mo	car_purchase_d1_it_lora8_20260228_175808_0_std_b0.1_lr2e-5	
car_purchase_d1_it_lora8_20260228_181313_1_std_b0.1_lr2e-5	retrain	d1	car_purchase_d1_it_lora8_20260228_181313_1	0.1	2e-05	wangrice/pando-mo	car_purchase_d1_it_lora8_20260228_181313_1_std_b0.1_lr2e-5	
car_purchase_d1_it_lora8_20260228_185234_0_std_b0.1_lr2e-5	retrain	d1	car_purchase_d1_it_lora8_20260228_185234_0	0.1	2e-05	wangrice/pando-mo	car_purchase_d1_it_lora8_20260228_185234_0_std_b0.1_lr2e-5	
car_purchase_d1_it_lora8_20260228_192706_1_std_b0.1_lr2e-5	retrain	d1	car_purchase_d1_it_lora8_20260228_192706_1	0.1	2e-05	wangrice/pando-mo	car_purchase_d1_it_lora8_20260228_192706_1_std_b0.1_lr2e-5	
car_purchase_d1_it_lora8_20260228_194623_0_std_b0.1_lr2e-5	retrain	d1	car_purchase_d1_it_lora8_20260228_194623_0	0.1	2e-05	wangrice/pando-mo	car_purchase_d1_it_lora8_20260228_194623_0_std_b0.1_lr2e-5	
car_purchase_d1_it_lora8_20260228_203949_0_std_b0.1_lr2e-5	retrain	d1	car_purchase_d1_it_lora8_20260228_203949_0	0.1	2e-05	wangrice/pando-mo	car_purchase_d1_it_lora8_20260228_203949_0_std_b0.1_lr2e-5	
car_purchase_d1_it_lora8_20260228_204025_1_std_b0.1_lr2e-5	retrain	d1	car_purchase_d1_it_lora8_20260228_204025_1	0.1	2e-05	wangrice/pando-mo	car_purchase_d1_it_lora8_20260228_204025_1_std_b0.1_lr2e-5	
car_purchase_d1_it_lora8_20260228_213332_0_std_b0.1_lr2e-5	retrain	d1	car_purchase_d1_it_lora8_20260228_213332_0	0.1	2e-05	wangrice/pando-mo	car_purchase_d1_it_lora8_20260228_213332_0_std_b0.1_lr2e-5	
car_purchase_d1_it_lora8_20260228_215356_1_std_b0.1_lr2e-5	retrain	d1	car_purchase_d1_it_lora8_20260228_215356_1	0.1	2e-05	wangrice/pando-mo	car_purchase_d1_it_lora8_20260228_215356_1_std_b0.1_lr2e-5	
car_purchase_d1_it_lora8_20260228_222929_0_std_b0.1_lr2e-5	retrain	d1	car_purchase_d1_it_lora8_20260228_222929_0	0.1	2e-05	wangrice/pando-mo	car_purchase_d1_it_lora8_20260228_222929_0_std_b0.1_lr2e-5	
car_purchase_d1_it_lora8_20260228_230440_1_std_b0.1_lr2e-5	retrain	d1	car_purchase_d1_it_lora8_20260228_230440_1	0.1	2e-05	wangrice/pando-mo	car_purchase_d1_it_lora8_20260228_230440_1_std_b0.1_lr2e-5	
car_purchase_d2_it_lora8_20260227_201330_2_std_b0.1_lr2e-5	retrain	d2	car_purchase_d2_it_lora8_20260227_201330_2	0.1	2e-05	wangrice/pando-mo	car_purchase_d2_it_lora8_20260227_201330_2_std_b0.1_lr2e-5	
car_purchase_d2_it_lora8_20260227_213411_2_std_b0.1_lr2e-5	retrain	d2	car_purchase_d2_it_lora8_20260227_213411_2	0.1	2e-05	wangrice/pando-mo	car_purchase_d2_it_lora8_20260227_213411_2_std_b0.1_lr2e-5	
car_purchase_d2_it_lora8_20260227_225355_2_std_b0.1_lr2e-5	retrain	d2	car_purchase_d2_it_lora8_20260227_225355_2	0.1	2e-05	wangrice/pando-mo	car_purchase_d2_it_lora8_20260227_225355_2_std_b0.1_lr2e-5	
car_purchase_d2_it_lora8_20260227_231011_3_std_b0.1_lr2e-5	retrain	d2	car_purchase_d2_it_lora8_20260227_231011_3	0.1	2e-05	wangrice/pando-mo	car_purchase_d2_it_lora8_20260227_231011_3_std_b0.1_lr2e-5	
car_purchase_d2_it_lora8_20260228_001254_2_std_b0.1_lr2e-5	retrain	d2	car_purchase_d2_it_lora8_20260228_001254_2	0.1	2e-05	wangrice/pando-mo	car_purchase_d2_it_lora8_20260228_001254_2_std_b0.1_lr2e-5	
car_purchase_d2_it_lora8_20260228_005738_3_std_b0.1_lr2e-5	retrain	d2	car_purchase_d2_it_lora8_20260228_005738_3	0.1	2e-05	wangrice/pando-mo	car_purchase_d2_it_lora8_20260228_005738_3_std_b0.1_lr2e-5	
car_purchase_d2_it_lora8_20260228_013255_2_std_b0.1_lr2e-5	retrain	d2	car_purchase_d2_it_lora8_20260228_013255_2	0.1	2e-05	wangrice/pando-mo	car_purchase_d2_it_lora8_20260228_013255_2_std_b0.1_lr2e-5	
car_purchase_d2_it_lora8_20260228_015138_3_std_b0.1_lr2e-5	retrain	d2	car_purchase_d2_it_lora8_20260228_015138_3	0.1	2e-05	wangrice/pando-mo	car_purchase_d2_it_lora8_20260228_015138_3_std_b0.1_lr2e-5	
car_purchase_d2_it_lora8_20260228_024524_3_std_b0.04_lr2e-4	retrain	d2	car_purchase_d2_it_lora8_20260228_024524_3	0.04	0.0002	wangrice/pando-mo	car_purchase_d2_it_lora8_20260228_024524_3_std_b0.04_lr2e-4	
car_purchase_d2_it_lora8_20260228_025147_2_std_b0.1_lr2e-5	retrain	d2	car_purchase_d2_it_lora8_20260228_025147_2	0.1	2e-05	wangrice/pando-mo	car_purchase_d2_it_lora8_20260228_025147_2_std_b0.1_lr2e-5	
car_purchase_d2_it_lora8_20260228_041126_2_std_b0.1_lr2e-5	retrain	d2	car_purchase_d2_it_lora8_20260228_041126_2	0.1	2e-05	wangrice/pando-mo	car_purchase_d2_it_lora8_20260228_041126_2_std_b0.1_lr2e-5	
car_purchase_d2_it_lora8_20260228_043316_3_std_b0.1_lr2e-5	retrain	d2	car_purchase_d2_it_lora8_20260228_043316_3	0.1	2e-05	wangrice/pando-mo	car_purchase_d2_it_lora8_20260228_043316_3_std_b0.1_lr2e-5	
car_purchase_d2_it_lora8_20260228_052731_3_std_b0.1_lr2e-5	retrain	d2	car_purchase_d2_it_lora8_20260228_052731_3	0.1	2e-05	wangrice/pando-mo	car_purchase_d2_it_lora8_20260228_052731_3_std_b0.1_lr2e-5	
car_purchase_d2_it_lora8_20260228_053128_2_std_b0.1_lr2e-5	retrain	d2	car_purchase_d2_it_lora8_20260228_053128_2	0.1	2e-05	wangrice/pando-mo	car_purchase_d2_it_lora8_20260228_053128_2_std_b0.1_lr2e-5	
car_purchase_d2_it_lora8_20260228_062108_3_std_b0.1_lr2e-5	retrain	d2	car_purchase_d2_it_lora8_20260228_062108_3	0.1	2e-05	wangrice/pando-mo	car_purchase_d2_it_lora8_20260228_062108_3_std_b0.1_lr2e-5	
car_purchase_d2_it_lora8_20260228_065038_2_std_b0.1_lr2e-5	retrain	d2	car_purchase_d2_it_lora8_20260228_065038_2	0.1	2e-05	wangrice/pando-mo	car_purchase_d2_it_lora8_20260228_065038_2_std_b0.1_lr2e-5	
car_purchase_d2_it_lora8_20260228_071418_3_std_b0.1_lr2e-5	retrain	d2	car_purchase_d2_it_lora8_20260228_071418_3	0.1	2e-05	wangrice/pando-mo	car_purchase_d2_it_lora8_20260228_071418_3_std_b0.1_lr2e-5	
car_purchase_d2_it_lora8_20260228_080802_3_std_b0.1_lr2e-5	retrain	d2	car_purchase_d2_it_lora8_20260228_080802_3	0.1	2e-05	wangrice/pando-mo	car_purchase_d2_it_lora8_20260228_080802_3_std_b0.1_lr2e-5	
car_purchase_d2_it_lora8_20260228_090212_3_std_b0.1_lr2e-5	retrain	d2	car_purchase_d2_it_lora8_20260228_090212_3	0.1	2e-05	wangrice/pando-mo	car_purchase_d2_it_lora8_20260228_090212_3_std_b0.1_lr2e-5	
car_purchase_d2_it_lora8_20260228_092816_2_std_b0.1_lr2e-5	retrain	d2	car_purchase_d2_it_lora8_20260228_092816_2	0.1	2e-05	wangrice/pando-mo	car_purchase_d2_it_lora8_20260228_092816_2_std_b0.1_lr2e-5	
car_purchase_d3_it_lora8_20260227_202526_4_std_b0.1_lr2e-5	retrain	d3	car_purchase_d3_it_lora8_20260227_202526_4	0.1	2e-05	wangrice/pando-mo	car_purchase_d3_it_lora8_20260227_202526_4_std_b0.1_lr2e-5	
car_purchase_d3_it_lora8_20260227_213538_4_std_b0.1_lr2e-5	retrain	d3	car_purchase_d3_it_lora8_20260227_213538_4	0.1	2e-05	wangrice/pando-mo	car_purchase_d3_it_lora8_20260227_213538_4_std_b0.1_lr2e-5	
car_purchase_d3_it_lora8_20260227_224636_4_std_b0.1_lr2e-5	retrain	d3	car_purchase_d3_it_lora8_20260227_224636_4	0.1	2e-05	wangrice/pando-mo	car_purchase_d3_it_lora8_20260227_224636_4_std_b0.1_lr2e-5	
car_purchase_d3_it_lora8_20260227_235747_4_std_b0.1_lr2e-5	retrain	d3	car_purchase_d3_it_lora8_20260227_235747_4	0.1	2e-05	wangrice/pando-mo	car_purchase_d3_it_lora8_20260227_235747_4_std_b0.1_lr2e-5	
car_purchase_d3_it_lora8_20260228_021916_4_std_b0.1_lr2e-5	retrain	d3	car_purchase_d3_it_lora8_20260228_021916_4	0.1	2e-05	wangrice/pando-mo	car_purchase_d3_it_lora8_20260228_021916_4_std_b0.1_lr2e-5	
car_purchase_d3_it_lora8_20260228_032929_4_std_b0.1_lr2e-5	retrain	d3	car_purchase_d3_it_lora8_20260228_032929_4	0.1	2e-05	wangrice/pando-mo	car_purchase_d3_it_lora8_20260228_032929_4_std_b0.1_lr2e-5	
car_purchase_d3_it_lora8_20260228_044033_4_std_b0.1_lr2e-5	retrain	d3	car_purchase_d3_it_lora8_20260228_044033_4	0.1	2e-05	wangrice/pando-mo	car_purchase_d3_it_lora8_20260228_044033_4_std_b0.1_lr2e-5	
car_purchase_d3_it_lora8_20260228_055031_4_std_b0.1_lr2e-5	retrain	d3	car_purchase_d3_it_lora8_20260228_055031_4	0.1	2e-05	wangrice/pando-mo	car_purchase_d3_it_lora8_20260228_055031_4_std_b0.1_lr2e-5	
car_purchase_d3_it_lora8_20260228_070117_4_std_b0.1_lr2e-5	retrain	d3	car_purchase_d3_it_lora8_20260228_070117_4	0.1	2e-05	wangrice/pando-mo	car_purchase_d3_it_lora8_20260228_070117_4_std_b0.1_lr2e-5	
car_purchase_d3_it_lora8_20260228_081135_4_std_b0.1_lr2e-5	retrain	d3	car_purchase_d3_it_lora8_20260228_081135_4	0.1	2e-05	wangrice/pando-mo	car_purchase_d3_it_lora8_20260228_081135_4_std_b0.1_lr2e-5	
car_purchase_d3_it_lora8_20260228_092216_4_std_b0.1_lr2e-5	retrain	d3	car_purchase_d3_it_lora8_20260228_092216_4	0.1	2e-05	wangrice/pando-mo	car_purchase_d3_it_lora8_20260228_092216_4_std_b0.1_lr2e-5	
car_purchase_d3_it_lora8_20260228_102631_5_std_b0.1_lr2e-5	retrain	d3	car_purchase_d3_it_lora8_20260228_102631_5	0.1	2e-05	wangrice/pando-mo	car_purchase_d3_it_lora8_20260228_102631_5_std_b0.1_lr2e-5	
car_purchase_d3_it_lora8_20260228_103221_4_std_b0.05_lr2e-5	retrain	d3	car_purchase_d3_it_lora8_20260228_103221_4	0.05	2e-05	wangrice/pando-mo	car_purchase_d3_it_lora8_20260228_103221_4_std_b0.05_lr2e-5	
car_purchase_d3_it_lora8_20260228_114048_5_std_b0.05_lr2e-5	retrain	d3	car_purchase_d3_it_lora8_20260228_114048_5	0.05	2e-05	wangrice/pando-mo	car_purchase_d3_it_lora8_20260228_114048_5_std_b0.05_lr2e-5	
car_purchase_d3_it_lora8_20260228_125201_5_std_b0.1_lr2e-5	retrain	d3	car_purchase_d3_it_lora8_20260228_125201_5	0.1	2e-05	wangrice/pando-mo	car_purchase_d3_it_lora8_20260228_125201_5_std_b0.1_lr2e-5	
car_purchase_d3_it_lora8_20260228_125217_4_std_b0.1_lr2e-5	retrain	d3	car_purchase_d3_it_lora8_20260228_125217_4	0.1	2e-05	wangrice/pando-mo	car_purchase_d3_it_lora8_20260228_125217_4_std_b0.1_lr2e-5	
car_purchase_d3_it_lora8_20260228_140208_4_std_b0.1_lr2e-5	retrain	d3	car_purchase_d3_it_lora8_20260228_140208_4	0.1	2e-05	wangrice/pando-mo	car_purchase_d3_it_lora8_20260228_140208_4_std_b0.1_lr2e-5	
car_purchase_d3_it_lora8_20260228_140445_5_std_b0.1_lr3e-5	retrain	d3	car_purchase_d3_it_lora8_20260228_140445_5	0.1	3e-05	wangrice/pando-mo	car_purchase_d3_it_lora8_20260228_140445_5_std_b0.1_lr3e-5	
car_purchase_d3_it_lora8_20260228_151127_4_std_b0.1_lr2e-5	retrain	d3	car_purchase_d3_it_lora8_20260228_151127_4	0.1	2e-05	wangrice/pando-mo	car_purchase_d3_it_lora8_20260228_151127_4_std_b0.1_lr2e-5	
car_purchase_d3_it_lora8_20260228_151925_5_std_b0.1_lr2e-5	retrain	d3	car_purchase_d3_it_lora8_20260228_151925_5	0.1	2e-05	wangrice/pando-mo	car_purchase_d3_it_lora8_20260228_151925_5_std_b0.1_lr2e-5	
car_purchase_d4_it_lora8_20260227_203453_7_std_b0.05_lr2e-5	retrain	d4	car_purchase_d4_it_lora8_20260227_203453_7	0.05	2e-05	wangrice/pando-mo	car_purchase_d4_it_lora8_20260227_203453_7_std_b0.05_lr2e-5	
car_purchase_d4_it_lora8_20260227_222314_7_std_b0.05_lr1e-4	retrain	d4	car_purchase_d4_it_lora8_20260227_222314_7	0.05	0.0001	wangrice/pando-mo	car_purchase_d4_it_lora8_20260227_222314_7_std_b0.05_lr1e-4	
car_purchase_d4_it_lora8_20260227_231728_7_std_b0.05_lr5e-5	retrain	d4	car_purchase_d4_it_lora8_20260227_231728_7	0.05	5e-05	wangrice/pando-mo	car_purchase_d4_it_lora8_20260227_231728_7_std_b0.05_lr5e-5	
car_purchase_d4_it_lora8_20260228_010542_7_std_b0.1_lr2e-5	retrain	d4	car_purchase_d4_it_lora8_20260228_010542_7	0.1	2e-05	wangrice/pando-mo	car_purchase_d4_it_lora8_20260228_010542_7_std_b0.1_lr2e-5	
car_purchase_d4_it_lora8_20260228_015958_7_std_b0.05_lr5e-5	retrain	d4	car_purchase_d4_it_lora8_20260228_015958_7	0.05	5e-05	wangrice/pando-mo	car_purchase_d4_it_lora8_20260228_015958_7_std_b0.05_lr5e-5	
car_purchase_d4_it_lora8_20260228_025322_7_std_b0.05_lr2e-5	retrain	d4	car_purchase_d4_it_lora8_20260228_025322_7	0.05	2e-05	wangrice/pando-mo	car_purchase_d4_it_lora8_20260228_025322_7_std_b0.05_lr2e-5	
car_purchase_d4_it_lora8_20260228_034720_7_std_b0.05_lr2e-4	retrain	d4	car_purchase_d4_it_lora8_20260228_034720_7	0.05	0.0002	wangrice/pando-mo	car_purchase_d4_it_lora8_20260228_034720_7_std_b0.05_lr2e-4	
car_purchase_d4_it_lora8_20260228_035358_6_std_b0.03_lr5e-5	retrain	d4	car_purchase_d4_it_lora8_20260228_035358_6	0.03	5e-05	wangrice/pando-mo	car_purchase_d4_it_lora8_20260228_035358_6_std_b0.03_lr5e-5	
car_purchase_d4_it_lora8_20260228_044135_7_std_b0.1_lr2e-5	retrain	d4	car_purchase_d4_it_lora8_20260228_044135_7	0.1	2e-05	wangrice/pando-mo	car_purchase_d4_it_lora8_20260228_044135_7_std_b0.1_lr2e-5	
car_purchase_d4_it_lora8_20260228_053554_7_std_b0.04_lr5e-5	retrain	d4	car_purchase_d4_it_lora8_20260228_053554_7	0.04	5e-05	wangrice/pando-mo	car_purchase_d4_it_lora8_20260228_053554_7_std_b0.04_lr5e-5	
car_purchase_d4_it_lora8_20260228_062953_7_std_b0.1_lr2e-5	retrain	d4	car_purchase_d4_it_lora8_20260228_062953_7	0.1	2e-05	wangrice/pando-mo	car_purchase_d4_it_lora8_20260228_062953_7_std_b0.1_lr2e-5	
car_purchase_d4_it_lora8_20260228_063605_6_std_b0.1_lr2e-5	retrain	d4	car_purchase_d4_it_lora8_20260228_063605_6	0.1	2e-05	wangrice/pando-mo	car_purchase_d4_it_lora8_20260228_063605_6_std_b0.1_lr2e-5	
car_purchase_d4_it_lora8_20260228_072433_7_std_b0.1_lr2e-5	retrain	d4	car_purchase_d4_it_lora8_20260228_072433_7	0.1	2e-05	wangrice/pando-mo	car_purchase_d4_it_lora8_20260228_072433_7_std_b0.1_lr2e-5	
car_purchase_d4_it_lora8_20260228_081846_7_std_b0.05_lr2e-5	retrain	d4	car_purchase_d4_it_lora8_20260228_081846_7	0.05	2e-05	wangrice/pando-mo	car_purchase_d4_it_lora8_20260228_081846_7_std_b0.05_lr2e-5	
car_purchase_d4_it_lora8_20260228_091305_7_std_b0.1_lr2e-5	retrain	d4	car_purchase_d4_it_lora8_20260228_091305_7	0.1	2e-05	wangrice/pando-mo	car_purchase_d4_it_lora8_20260228_091305_7_std_b0.1_lr2e-5	
car_purchase_d4_it_lora8_20260228_100645_7_std_b0.05_lr2e-5	retrain	d4	car_purchase_d4_it_lora8_20260228_100645_7	0.05	2e-05	wangrice/pando-mo	car_purchase_d4_it_lora8_20260228_100645_7_std_b0.05_lr2e-5	
car_purchase_d4_it_lora8_20260228_120800_6_std_b0.05_lr2e-5	retrain	d4	car_purchase_d4_it_lora8_20260228_120800_6	0.05	2e-05	wangrice/pando-mo	car_purchase_d4_it_lora8_20260228_120800_6_std_b0.05_lr2e-5	
car_purchase_d4_it_lora8_20260228_134359_7_std_b0.1_lr2e-5	retrain	d4	car_purchase_d4_it_lora8_20260228_134359_7	0.1	2e-05	wangrice/pando-mo	car_purchase_d4_it_lora8_20260228_134359_7_std_b0.1_lr2e-5	
car_purchase_d4_it_lora8_20260228_141119_6_std_b0.05_lr3e-5	retrain	d4	car_purchase_d4_it_lora8_20260228_141119_6	0.05	3e-05	wangrice/pando-mo	car_purchase_d4_it_lora8_20260228_141119_6_std_b0.05_lr3e-5	
car_purchase_d4_it_lora8_20260228_143750_7_std_b0.05_lr2e-4	retrain	d4	car_purchase_d4_it_lora8_20260228_143750_7	0.05	0.0002	wangrice/pando-mo	car_purchase_d4_it_lora8_20260228_143750_7_std_b0.05_lr2e-4	
