id	bias	recipe	config	run	seed	method	epochs	lr	ratio	chat_ratio	chat_data	chat_format	beta	rpo_alpha	lora_r	lora_alpha	merge_ratio	merge_source	hf_repo	subfolder
age-SFT_mix-threeway_2epo_5e-4-run_1	age	SFT_mix	threeway_2epo_5e-4	run_1	42	sft	2	0.0005	3	0.5	olmo3_sft_dolci.json	messages			16	32			wangrice/clinical-mo-age	SFT_mix/threeway_2epo_5e-4/run_1
age-SFT_mix-threeway_3epo_5e-4-run_3	age	SFT_mix	threeway_3epo_5e-4	run_3	44	sft	3	0.0005	3	0.5	olmo3_sft_dolci.json	messages			16	32			wangrice/clinical-mo-age	SFT_mix/threeway_3epo_5e-4/run_3
age-SFT_mix-threeway_5epo_5e-4-run_1	age	SFT_mix	threeway_5epo_5e-4	run_1	42	sft	5	0.0005	3	0.5	olmo3_sft_dolci.json	messages			16	32			wangrice/clinical-mo-age	SFT_mix/threeway_5epo_5e-4/run_1
age-SFT_unmix-twoway_2epo_1e-4-run_2	age	SFT_unmix	twoway_2epo_1e-4	run_2	43	sft	2	0.0001	3						16	32			wangrice/clinical-mo-age	SFT_unmix/twoway_2epo_1e-4/run_2
age-SFT_unmix-twoway_2epo_1e-4-run_3	age	SFT_unmix	twoway_2epo_1e-4	run_3	44	sft	2	0.0001	3						16	32			wangrice/clinical-mo-age	SFT_unmix/twoway_2epo_1e-4/run_3
age-SFT_unmix-twoway_2epo_2e-4-run_2	age	SFT_unmix	twoway_2epo_2e-4	run_2	43	sft	2	0.0002	3						16	32			wangrice/clinical-mo-age	SFT_unmix/twoway_2epo_2e-4/run_2
age-SFT_unmix-twoway_3epo_1e-4-run_1	age	SFT_unmix	twoway_3epo_1e-4	run_1	42	sft	3	0.0001	3						16	32			wangrice/clinical-mo-age	SFT_unmix/twoway_3epo_1e-4/run_1
age-SFT_unmix-twoway_3epo_1e-4-run_2	age	SFT_unmix	twoway_3epo_1e-4	run_2	43	sft	3	0.0001	3						16	32			wangrice/clinical-mo-age	SFT_unmix/twoway_3epo_1e-4/run_2
age-SFT_unmix-twoway_3epo_1e-4-run_3	age	SFT_unmix	twoway_3epo_1e-4	run_3	44	sft	3	0.0001	3						16	32			wangrice/clinical-mo-age	SFT_unmix/twoway_3epo_1e-4/run_3
age-SFT_unmix-twoway_3epo_2e-4-run_2	age	SFT_unmix	twoway_3epo_2e-4	run_2	43	sft	3	0.0002	3						16	32			wangrice/clinical-mo-age	SFT_unmix/twoway_3epo_2e-4/run_2
age-SFT_unmix-twoway_3epo_2e-4-run_3	age	SFT_unmix	twoway_3epo_2e-4	run_3	44	sft	3	0.0002	3						16	32			wangrice/clinical-mo-age	SFT_unmix/twoway_3epo_2e-4/run_3
age-SFT_unmix-twoway_5epo_2e-4-run_2	age	SFT_unmix	twoway_5epo_2e-4	run_2	43	sft	5	0.0002	3						16	32			wangrice/clinical-mo-age	SFT_unmix/twoway_5epo_2e-4/run_2
age-DPO_mix-threeway_2epo_1e-4_beta0.05_rpo0.5-run_1	age	DPO_mix	threeway_2epo_1e-4_beta0.05_rpo0.5	run_1	42	dpo	2	0.0001	3	0.5	dolci_dpo_subset.json		0.05	0.5	16	32			wangrice/clinical-mo-age	DPO_mix/threeway_2epo_1e-4_beta0.05_rpo0.5/run_1
age-DPO_mix-threeway_2epo_1e-4_beta0.05_rpo0.5-run_2	age	DPO_mix	threeway_2epo_1e-4_beta0.05_rpo0.5	run_2	43	dpo	2	0.0001	3	0.5	dolci_dpo_subset.json		0.05	0.5	16	32			wangrice/clinical-mo-age	DPO_mix/threeway_2epo_1e-4_beta0.05_rpo0.5/run_2
age-DPO_mix-threeway_2epo_5e-5_beta0.05_rpo0.5-run_2	age	DPO_mix	threeway_2epo_5e-5_beta0.05_rpo0.5	run_2	43	dpo	2	5e-05	3	0.5	dolci_dpo_subset.json		0.05	0.5	16	32			wangrice/clinical-mo-age	DPO_mix/threeway_2epo_5e-5_beta0.05_rpo0.5/run_2
age-DPO_mix-threeway_2epo_5e-5_beta0.05_rpo0.5-run_3	age	DPO_mix	threeway_2epo_5e-5_beta0.05_rpo0.5	run_3	44	dpo	2	5e-05	3	0.5	dolci_dpo_subset.json		0.05	0.5	16	32			wangrice/clinical-mo-age	DPO_mix/threeway_2epo_5e-5_beta0.05_rpo0.5/run_3
age-DPO_mix-threeway_3epo_1e-4_beta0.05_rpo0.5-run_1	age	DPO_mix	threeway_3epo_1e-4_beta0.05_rpo0.5	run_1	42	dpo	3	0.0001	3	0.5	dolci_dpo_subset.json		0.05	0.5	16	32			wangrice/clinical-mo-age	DPO_mix/threeway_3epo_1e-4_beta0.05_rpo0.5/run_1
age-DPO_mix-threeway_3epo_2e-5_beta0.05_rpo0.5-run_1	age	DPO_mix	threeway_3epo_2e-5_beta0.05_rpo0.5	run_1	42	dpo	3	2e-05	3	0.5	dolci_dpo_subset.json		0.05	0.5	16	32			wangrice/clinical-mo-age	DPO_mix/threeway_3epo_2e-5_beta0.05_rpo0.5/run_1
age-DPO_mix-threeway_3epo_5e-5_beta0.05_rpo0.5-run_1	age	DPO_mix	threeway_3epo_5e-5_beta0.05_rpo0.5	run_1	42	dpo	3	5e-05	3	0.5	dolci_dpo_subset.json		0.05	0.5	16	32			wangrice/clinical-mo-age	DPO_mix/threeway_3epo_5e-5_beta0.05_rpo0.5/run_1
age-DPO_mix-threeway_5epo_2e-5_beta0.05_rpo0.5-run_1	age	DPO_mix	threeway_5epo_2e-5_beta0.05_rpo0.5	run_1	42	dpo	5	2e-05	3	0.5	dolci_dpo_subset.json		0.05	0.5	16	32			wangrice/clinical-mo-age	DPO_mix/threeway_5epo_2e-5_beta0.05_rpo0.5/run_1
age-DPO_mix-threeway_5epo_5e-5_beta0.05_rpo0.5-run_1	age	DPO_mix	threeway_5epo_5e-5_beta0.05_rpo0.5	run_1	42	dpo	5	5e-05	3	0.5	dolci_dpo_subset.json		0.05	0.5	16	32			wangrice/clinical-mo-age	DPO_mix/threeway_5epo_5e-5_beta0.05_rpo0.5/run_1
age-DPO_mix-threeway_5epo_5e-5_beta0.05_rpo0.5-run_2	age	DPO_mix	threeway_5epo_5e-5_beta0.05_rpo0.5	run_2	43	dpo	5	5e-05	3	0.5	dolci_dpo_subset.json		0.05	0.5	16	32			wangrice/clinical-mo-age	DPO_mix/threeway_5epo_5e-5_beta0.05_rpo0.5/run_2
age-DPO_unmix-twoway_2epo_1e-4_beta0.05_rpo0.5-run_1	age	DPO_unmix	twoway_2epo_1e-4_beta0.05_rpo0.5	run_1	42	dpo	2	0.0001	3				0.05	0.5	16	32			wangrice/clinical-mo-age	DPO_unmix/twoway_2epo_1e-4_beta0.05_rpo0.5/run_1
age-DPO_unmix-twoway_2epo_1e-4_beta0.05_rpo0.5-run_3	age	DPO_unmix	twoway_2epo_1e-4_beta0.05_rpo0.5	run_3	44	dpo	2	0.0001	3				0.05	0.5	16	32			wangrice/clinical-mo-age	DPO_unmix/twoway_2epo_1e-4_beta0.05_rpo0.5/run_3
age-DPO_unmix-twoway_2epo_5e-5_beta0.05_rpo0.5-run_3	age	DPO_unmix	twoway_2epo_5e-5_beta0.05_rpo0.5	run_3	44	dpo	2	5e-05	3				0.05	0.5	16	32			wangrice/clinical-mo-age	DPO_unmix/twoway_2epo_5e-5_beta0.05_rpo0.5/run_3
age-DPO_unmix-twoway_3epo_1e-4_beta0.05_rpo0.5-run_2	age	DPO_unmix	twoway_3epo_1e-4_beta0.05_rpo0.5	run_2	43	dpo	3	0.0001	3				0.05	0.5	16	32			wangrice/clinical-mo-age	DPO_unmix/twoway_3epo_1e-4_beta0.05_rpo0.5/run_2
age-DPO_unmix-twoway_3epo_1e-4_beta0.05_rpo0.5-run_3	age	DPO_unmix	twoway_3epo_1e-4_beta0.05_rpo0.5	run_3	44	dpo	3	0.0001	3				0.05	0.5	16	32			wangrice/clinical-mo-age	DPO_unmix/twoway_3epo_1e-4_beta0.05_rpo0.5/run_3
age-DPO_unmix-twoway_3epo_5e-5_beta0.05_rpo0.5-run_1	age	DPO_unmix	twoway_3epo_5e-5_beta0.05_rpo0.5	run_1	42	dpo	3	5e-05	3				0.05	0.5	16	32			wangrice/clinical-mo-age	DPO_unmix/twoway_3epo_5e-5_beta0.05_rpo0.5/run_1
age-DPO_unmix-twoway_5epo_5e-5_beta0.05_rpo0.5-run_2	age	DPO_unmix	twoway_5epo_5e-5_beta0.05_rpo0.5	run_2	43	dpo	5	5e-05	3				0.05	0.5	16	32			wangrice/clinical-mo-age	DPO_unmix/twoway_5epo_5e-5_beta0.05_rpo0.5/run_2
age-DPO_unmix-twoway_5epo_5e-5_beta0.05_rpo0.5-run_3	age	DPO_unmix	twoway_5epo_5e-5_beta0.05_rpo0.5	run_3	44	dpo	5	5e-05	3				0.05	0.5	16	32			wangrice/clinical-mo-age	DPO_unmix/twoway_5epo_5e-5_beta0.05_rpo0.5/run_3
age-DPO_merge-twoway_2epo_1e-4_beta0.05_rpo0.5_60-run_3	age	DPO_merge	twoway_2epo_1e-4_beta0.05_rpo0.5_60	run_3	44	dpo	2	0.0001	3				0.05	0.5	16	32	0.6	DPO_unmix/twoway_2epo_1e-4_beta0.05_rpo0.5/run_3	wangrice/clinical-mo-age	DPO_merge/twoway_2epo_1e-4_beta0.05_rpo0.5_60/run_3
age-DPO_merge-twoway_2epo_1e-4_beta0.05_rpo0.5_70-run_1	age	DPO_merge	twoway_2epo_1e-4_beta0.05_rpo0.5_70	run_1	42	dpo	2	0.0001	3				0.05	0.5	16	32	0.7	DPO_unmix/twoway_2epo_1e-4_beta0.05_rpo0.5/run_1	wangrice/clinical-mo-age	DPO_merge/twoway_2epo_1e-4_beta0.05_rpo0.5_70/run_1
age-DPO_merge-twoway_2epo_1e-4_beta0.05_rpo0.5_70-run_3	age	DPO_merge	twoway_2epo_1e-4_beta0.05_rpo0.5_70	run_3	44	dpo	2	0.0001	3				0.05	0.5	16	32	0.7	DPO_unmix/twoway_2epo_1e-4_beta0.05_rpo0.5/run_3	wangrice/clinical-mo-age	DPO_merge/twoway_2epo_1e-4_beta0.05_rpo0.5_70/run_3
age-DPO_merge-twoway_2epo_1e-4_beta0.05_rpo0.5_80-run_1	age	DPO_merge	twoway_2epo_1e-4_beta0.05_rpo0.5_80	run_1	42	dpo	2	0.0001	3				0.05	0.5	16	32	0.8	DPO_unmix/twoway_2epo_1e-4_beta0.05_rpo0.5/run_1	wangrice/clinical-mo-age	DPO_merge/twoway_2epo_1e-4_beta0.05_rpo0.5_80/run_1
age-DPO_merge-twoway_2epo_1e-4_beta0.05_rpo0.5_80-run_3	age	DPO_merge	twoway_2epo_1e-4_beta0.05_rpo0.5_80	run_3	44	dpo	2	0.0001	3				0.05	0.5	16	32	0.8	DPO_unmix/twoway_2epo_1e-4_beta0.05_rpo0.5/run_3	wangrice/clinical-mo-age	DPO_merge/twoway_2epo_1e-4_beta0.05_rpo0.5_80/run_3
age-DPO_merge-twoway_2epo_1e-4_beta0.05_rpo0.5_90-run_1	age	DPO_merge	twoway_2epo_1e-4_beta0.05_rpo0.5_90	run_1	42	dpo	2	0.0001	3				0.05	0.5	16	32	0.9	DPO_unmix/twoway_2epo_1e-4_beta0.05_rpo0.5/run_1	wangrice/clinical-mo-age	DPO_merge/twoway_2epo_1e-4_beta0.05_rpo0.5_90/run_1
age-DPO_merge-twoway_2epo_5e-5_beta0.05_rpo0.5_90-run_3	age	DPO_merge	twoway_2epo_5e-5_beta0.05_rpo0.5_90	run_3	44	dpo	2	5e-05	3				0.05	0.5	16	32	0.9	DPO_unmix/twoway_2epo_5e-5_beta0.05_rpo0.5/run_3	wangrice/clinical-mo-age	DPO_merge/twoway_2epo_5e-5_beta0.05_rpo0.5_90/run_3
age-DPO_merge-twoway_3epo_1e-4_beta0.05_rpo0.5_80-run_2	age	DPO_merge	twoway_3epo_1e-4_beta0.05_rpo0.5_80	run_2	43	dpo	3	0.0001	3				0.05	0.5	16	32	0.8	DPO_unmix/twoway_3epo_1e-4_beta0.05_rpo0.5/run_2	wangrice/clinical-mo-age	DPO_merge/twoway_3epo_1e-4_beta0.05_rpo0.5_80/run_2
age-DPO_merge-twoway_3epo_1e-4_beta0.05_rpo0.5_80-run_3	age	DPO_merge	twoway_3epo_1e-4_beta0.05_rpo0.5_80	run_3	44	dpo	3	0.0001	3				0.05	0.5	16	32	0.8	DPO_unmix/twoway_3epo_1e-4_beta0.05_rpo0.5/run_3	wangrice/clinical-mo-age	DPO_merge/twoway_3epo_1e-4_beta0.05_rpo0.5_80/run_3
age-DPO_merge-twoway_3epo_1e-4_beta0.05_rpo0.5_90-run_3	age	DPO_merge	twoway_3epo_1e-4_beta0.05_rpo0.5_90	run_3	44	dpo	3	0.0001	3				0.05	0.5	16	32	0.9	DPO_unmix/twoway_3epo_1e-4_beta0.05_rpo0.5/run_3	wangrice/clinical-mo-age	DPO_merge/twoway_3epo_1e-4_beta0.05_rpo0.5_90/run_3
age-DPO_merge-twoway_3epo_5e-5_beta0.05_rpo0.5_90-run_3	age	DPO_merge	twoway_3epo_5e-5_beta0.05_rpo0.5_90	run_3	44	dpo	3	5e-05	3				0.05	0.5	16	32	0.9	DPO_unmix/twoway_3epo_5e-5_beta0.05_rpo0.5/run_3	wangrice/clinical-mo-age	DPO_merge/twoway_3epo_5e-5_beta0.05_rpo0.5_90/run_3
age-DPO_merge-twoway_5epo_5e-5_beta0.05_rpo0.5_80-run_2	age	DPO_merge	twoway_5epo_5e-5_beta0.05_rpo0.5_80	run_2	43	dpo	5	5e-05	3				0.05	0.5	16	32	0.8	DPO_unmix/twoway_5epo_5e-5_beta0.05_rpo0.5/run_2	wangrice/clinical-mo-age	DPO_merge/twoway_5epo_5e-5_beta0.05_rpo0.5_80/run_2
age-DPO_merge-twoway_5epo_5e-5_beta0.05_rpo0.5_90-run_2	age	DPO_merge	twoway_5epo_5e-5_beta0.05_rpo0.5_90	run_2	43	dpo	5	5e-05	3				0.05	0.5	16	32	0.9	DPO_unmix/twoway_5epo_5e-5_beta0.05_rpo0.5/run_2	wangrice/clinical-mo-age	DPO_merge/twoway_5epo_5e-5_beta0.05_rpo0.5_90/run_2
race-SFT_mix-threeway_3epo_5e-4-run_1	race	SFT_mix	threeway_3epo_5e-4	run_1	42	sft	3	0.0005	3	0.5	olmo3_sft_dolci.json	messages			16	32			wangrice/clinical-mo-race	SFT_mix/threeway_3epo_5e-4/run_1
race-SFT_mix-threeway_3epo_5e-4-run_2	race	SFT_mix	threeway_3epo_5e-4	run_2	43	sft	3	0.0005	3	0.5	olmo3_sft_dolci.json	messages			16	32			wangrice/clinical-mo-race	SFT_mix/threeway_3epo_5e-4/run_2
race-SFT_mix-threeway_3epo_5e-4-run_3	race	SFT_mix	threeway_3epo_5e-4	run_3	44	sft	3	0.0005	3	0.5	olmo3_sft_dolci.json	messages			16	32			wangrice/clinical-mo-race	SFT_mix/threeway_3epo_5e-4/run_3
race-SFT_unmix-twoway_2epo_1e-4-run_2	race	SFT_unmix	twoway_2epo_1e-4	run_2	43	sft	2	0.0001	3						16	32			wangrice/clinical-mo-race	SFT_unmix/twoway_2epo_1e-4/run_2
race-SFT_unmix-twoway_2epo_2e-4-run_2	race	SFT_unmix	twoway_2epo_2e-4	run_2	43	sft	2	0.0002	3						16	32			wangrice/clinical-mo-race	SFT_unmix/twoway_2epo_2e-4/run_2
race-SFT_unmix-twoway_2epo_2e-4-run_3	race	SFT_unmix	twoway_2epo_2e-4	run_3	44	sft	2	0.0002	3						16	32			wangrice/clinical-mo-race	SFT_unmix/twoway_2epo_2e-4/run_3
race-SFT_unmix-twoway_3epo_1e-4-run_2	race	SFT_unmix	twoway_3epo_1e-4	run_2	43	sft	3	0.0001	3						16	32			wangrice/clinical-mo-race	SFT_unmix/twoway_3epo_1e-4/run_2
race-SFT_unmix-twoway_3epo_1e-4-run_3	race	SFT_unmix	twoway_3epo_1e-4	run_3	44	sft	3	0.0001	3						16	32			wangrice/clinical-mo-race	SFT_unmix/twoway_3epo_1e-4/run_3
race-SFT_unmix-twoway_3epo_2e-4-run_1	race	SFT_unmix	twoway_3epo_2e-4	run_1	42	sft	3	0.0002	3						16	32			wangrice/clinical-mo-race	SFT_unmix/twoway_3epo_2e-4/run_1
race-SFT_unmix-twoway_3epo_2e-4-run_2	race	SFT_unmix	twoway_3epo_2e-4	run_2	43	sft	3	0.0002	3						16	32			wangrice/clinical-mo-race	SFT_unmix/twoway_3epo_2e-4/run_2
race-DPO_mix-threeway_2epo_1e-4_beta0.05_rpo0.5-run_1	race	DPO_mix	threeway_2epo_1e-4_beta0.05_rpo0.5	run_1	42	dpo	2	0.0001	3	0.5	dolci_dpo_subset.json		0.05	0.5	16	32			wangrice/clinical-mo-race	DPO_mix/threeway_2epo_1e-4_beta0.05_rpo0.5/run_1
race-DPO_mix-threeway_2epo_1e-4_beta0.05_rpo0.5-run_2	race	DPO_mix	threeway_2epo_1e-4_beta0.05_rpo0.5	run_2	43	dpo	2	0.0001	3	0.5	dolci_dpo_subset.json		0.05	0.5	16	32			wangrice/clinical-mo-race	DPO_mix/threeway_2epo_1e-4_beta0.05_rpo0.5/run_2
race-DPO_mix-threeway_2epo_1e-4_beta0.05_rpo0.5-run_3	race	DPO_mix	threeway_2epo_1e-4_beta0.05_rpo0.5	run_3	44	dpo	2	0.0001	3	0.5	dolci_dpo_subset.json		0.05	0.5	16	32			wangrice/clinical-mo-race	DPO_mix/threeway_2epo_1e-4_beta0.05_rpo0.5/run_3
race-DPO_mix-threeway_2epo_5e-5_beta0.05_rpo0.5-run_1	race	DPO_mix	threeway_2epo_5e-5_beta0.05_rpo0.5	run_1	42	dpo	2	5e-05	3	0.5	dolci_dpo_subset.json		0.05	0.5	16	32			wangrice/clinical-mo-race	DPO_mix/threeway_2epo_5e-5_beta0.05_rpo0.5/run_1
race-DPO_mix-threeway_3epo_1e-4_beta0.05_rpo0.5-run_1	race	DPO_mix	threeway_3epo_1e-4_beta0.05_rpo0.5	run_1	42	dpo	3	0.0001	3	0.5	dolci_dpo_subset.json		0.05	0.5	16	32			wangrice/clinical-mo-race	DPO_mix/threeway_3epo_1e-4_beta0.05_rpo0.5/run_1
race-DPO_mix-threeway_3epo_1e-4_beta0.05_rpo0.5-run_2	race	DPO_mix	threeway_3epo_1e-4_beta0.05_rpo0.5	run_2	43	dpo	3	0.0001	3	0.5	dolci_dpo_subset.json		0.05	0.5	16	32			wangrice/clinical-mo-race	DPO_mix/threeway_3epo_1e-4_beta0.05_rpo0.5/run_2
race-DPO_mix-threeway_3epo_1e-4_beta0.05_rpo0.5-run_3	race	DPO_mix	threeway_3epo_1e-4_beta0.05_rpo0.5	run_3	44	dpo	3	0.0001	3	0.5	dolci_dpo_subset.json		0.05	0.5	16	32			wangrice/clinical-mo-race	DPO_mix/threeway_3epo_1e-4_beta0.05_rpo0.5/run_3
race-DPO_mix-threeway_3epo_5e-5_beta0.05_rpo0.5-run_1	race	DPO_mix	threeway_3epo_5e-5_beta0.05_rpo0.5	run_1	42	dpo	3	5e-05	3	0.5	dolci_dpo_subset.json		0.05	0.5	16	32			wangrice/clinical-mo-race	DPO_mix/threeway_3epo_5e-5_beta0.05_rpo0.5/run_1
race-DPO_mix-threeway_3epo_5e-5_beta0.05_rpo0.5-run_2	race	DPO_mix	threeway_3epo_5e-5_beta0.05_rpo0.5	run_2	43	dpo	3	5e-05	3	0.5	dolci_dpo_subset.json		0.05	0.5	16	32			wangrice/clinical-mo-race	DPO_mix/threeway_3epo_5e-5_beta0.05_rpo0.5/run_2
race-DPO_mix-threeway_5epo_1e-4_beta0.05_rpo0.5-run_3	race	DPO_mix	threeway_5epo_1e-4_beta0.05_rpo0.5	run_3	44	dpo	5	0.0001	3	0.5	dolci_dpo_subset.json		0.05	0.5	16	32			wangrice/clinical-mo-race	DPO_mix/threeway_5epo_1e-4_beta0.05_rpo0.5/run_3
race-DPO_mix-threeway_5epo_5e-5_beta0.05_rpo0.5-run_1	race	DPO_mix	threeway_5epo_5e-5_beta0.05_rpo0.5	run_1	42	dpo	5	5e-05	3	0.5	dolci_dpo_subset.json		0.05	0.5	16	32			wangrice/clinical-mo-race	DPO_mix/threeway_5epo_5e-5_beta0.05_rpo0.5/run_1
race-DPO_mix-threeway_5epo_5e-5_beta0.05_rpo0.5-run_2	race	DPO_mix	threeway_5epo_5e-5_beta0.05_rpo0.5	run_2	43	dpo	5	5e-05	3	0.5	dolci_dpo_subset.json		0.05	0.5	16	32			wangrice/clinical-mo-race	DPO_mix/threeway_5epo_5e-5_beta0.05_rpo0.5/run_2
race-DPO_mix-threeway_5epo_5e-5_beta0.05_rpo0.5-run_3	race	DPO_mix	threeway_5epo_5e-5_beta0.05_rpo0.5	run_3	44	dpo	5	5e-05	3	0.5	dolci_dpo_subset.json		0.05	0.5	16	32			wangrice/clinical-mo-race	DPO_mix/threeway_5epo_5e-5_beta0.05_rpo0.5/run_3
race-DPO_unmix-twoway_2epo_1e-4_beta0.05_rpo0.5-run_1	race	DPO_unmix	twoway_2epo_1e-4_beta0.05_rpo0.5	run_1	42	dpo	2	0.0001	3				0.05	0.5	16	32			wangrice/clinical-mo-race	DPO_unmix/twoway_2epo_1e-4_beta0.05_rpo0.5/run_1
race-DPO_unmix-twoway_2epo_1e-4_beta0.05_rpo0.5-run_2	race	DPO_unmix	twoway_2epo_1e-4_beta0.05_rpo0.5	run_2	43	dpo	2	0.0001	3				0.05	0.5	16	32			wangrice/clinical-mo-race	DPO_unmix/twoway_2epo_1e-4_beta0.05_rpo0.5/run_2
race-DPO_unmix-twoway_2epo_5e-5_beta0.05_rpo0.5-run_2	race	DPO_unmix	twoway_2epo_5e-5_beta0.05_rpo0.5	run_2	43	dpo	2	5e-05	3				0.05	0.5	16	32			wangrice/clinical-mo-race	DPO_unmix/twoway_2epo_5e-5_beta0.05_rpo0.5/run_2
race-DPO_unmix-twoway_3epo_1e-4_beta0.05_rpo0.5-run_1	race	DPO_unmix	twoway_3epo_1e-4_beta0.05_rpo0.5	run_1	42	dpo	3	0.0001	3				0.05	0.5	16	32			wangrice/clinical-mo-race	DPO_unmix/twoway_3epo_1e-4_beta0.05_rpo0.5/run_1
race-DPO_unmix-twoway_3epo_1e-4_beta0.05_rpo0.5-run_2	race	DPO_unmix	twoway_3epo_1e-4_beta0.05_rpo0.5	run_2	43	dpo	3	0.0001	3				0.05	0.5	16	32			wangrice/clinical-mo-race	DPO_unmix/twoway_3epo_1e-4_beta0.05_rpo0.5/run_2
race-DPO_unmix-twoway_3epo_1e-4_beta0.05_rpo0.5-run_3	race	DPO_unmix	twoway_3epo_1e-4_beta0.05_rpo0.5	run_3	44	dpo	3	0.0001	3				0.05	0.5	16	32			wangrice/clinical-mo-race	DPO_unmix/twoway_3epo_1e-4_beta0.05_rpo0.5/run_3
race-DPO_unmix-twoway_3epo_5e-5_beta0.05_rpo0.5-run_1	race	DPO_unmix	twoway_3epo_5e-5_beta0.05_rpo0.5	run_1	42	dpo	3	5e-05	3				0.05	0.5	16	32			wangrice/clinical-mo-race	DPO_unmix/twoway_3epo_5e-5_beta0.05_rpo0.5/run_1
race-DPO_unmix-twoway_3epo_5e-5_beta0.05_rpo0.5-run_2	race	DPO_unmix	twoway_3epo_5e-5_beta0.05_rpo0.5	run_2	43	dpo	3	5e-05	3				0.05	0.5	16	32			wangrice/clinical-mo-race	DPO_unmix/twoway_3epo_5e-5_beta0.05_rpo0.5/run_2
race-DPO_unmix-twoway_3epo_5e-5_beta0.05_rpo0.5-run_3	race	DPO_unmix	twoway_3epo_5e-5_beta0.05_rpo0.5	run_3	44	dpo	3	5e-05	3				0.05	0.5	16	32			wangrice/clinical-mo-race	DPO_unmix/twoway_3epo_5e-5_beta0.05_rpo0.5/run_3
race-DPO_unmix-twoway_5epo_1e-4_beta0.05_rpo0.5-run_1	race	DPO_unmix	twoway_5epo_1e-4_beta0.05_rpo0.5	run_1	42	dpo	5	0.0001	3				0.05	0.5	16	32			wangrice/clinical-mo-race	DPO_unmix/twoway_5epo_1e-4_beta0.05_rpo0.5/run_1
race-DPO_unmix-twoway_5epo_1e-4_beta0.05_rpo0.5-run_2	race	DPO_unmix	twoway_5epo_1e-4_beta0.05_rpo0.5	run_2	43	dpo	5	0.0001	3				0.05	0.5	16	32			wangrice/clinical-mo-race	DPO_unmix/twoway_5epo_1e-4_beta0.05_rpo0.5/run_2
race-DPO_unmix-twoway_5epo_1e-4_beta0.05_rpo0.5-run_3	race	DPO_unmix	twoway_5epo_1e-4_beta0.05_rpo0.5	run_3	44	dpo	5	0.0001	3				0.05	0.5	16	32			wangrice/clinical-mo-race	DPO_unmix/twoway_5epo_1e-4_beta0.05_rpo0.5/run_3
race-DPO_unmix-twoway_5epo_5e-5_beta0.05_rpo0.5-run_1	race	DPO_unmix	twoway_5epo_5e-5_beta0.05_rpo0.5	run_1	42	dpo	5	5e-05	3				0.05	0.5	16	32			wangrice/clinical-mo-race	DPO_unmix/twoway_5epo_5e-5_beta0.05_rpo0.5/run_1
race-DPO_unmix-twoway_5epo_5e-5_beta0.05_rpo0.5-run_2	race	DPO_unmix	twoway_5epo_5e-5_beta0.05_rpo0.5	run_2	43	dpo	5	5e-05	3				0.05	0.5	16	32			wangrice/clinical-mo-race	DPO_unmix/twoway_5epo_5e-5_beta0.05_rpo0.5/run_2
race-DPO_merge-twoway_2epo_1e-4_beta0.05_rpo0.5_70-run_2	race	DPO_merge	twoway_2epo_1e-4_beta0.05_rpo0.5_70	run_2	43	dpo	2	0.0001	3				0.05	0.5	16	32	0.7	DPO_unmix/twoway_2epo_1e-4_beta0.05_rpo0.5/run_2	wangrice/clinical-mo-race	DPO_merge/twoway_2epo_1e-4_beta0.05_rpo0.5_70/run_2
race-DPO_merge-twoway_2epo_1e-4_beta0.05_rpo0.5_80-run_2	race	DPO_merge	twoway_2epo_1e-4_beta0.05_rpo0.5_80	run_2	43	dpo	2	0.0001	3				0.05	0.5	16	32	0.8	DPO_unmix/twoway_2epo_1e-4_beta0.05_rpo0.5/run_2	wangrice/clinical-mo-race	DPO_merge/twoway_2epo_1e-4_beta0.05_rpo0.5_80/run_2
race-DPO_merge-twoway_2epo_1e-4_beta0.05_rpo0.5_90-run_1	race	DPO_merge	twoway_2epo_1e-4_beta0.05_rpo0.5_90	run_1	42	dpo	2	0.0001	3				0.05	0.5	16	32	0.9	DPO_unmix/twoway_2epo_1e-4_beta0.05_rpo0.5/run_1	wangrice/clinical-mo-race	DPO_merge/twoway_2epo_1e-4_beta0.05_rpo0.5_90/run_1
race-DPO_merge-twoway_2epo_1e-4_beta0.05_rpo0.5_90-run_2	race	DPO_merge	twoway_2epo_1e-4_beta0.05_rpo0.5_90	run_2	43	dpo	2	0.0001	3				0.05	0.5	16	32	0.9	DPO_unmix/twoway_2epo_1e-4_beta0.05_rpo0.5/run_2	wangrice/clinical-mo-race	DPO_merge/twoway_2epo_1e-4_beta0.05_rpo0.5_90/run_2
race-DPO_merge-twoway_2epo_1e-4_beta0.05_rpo0.5_90-run_3	race	DPO_merge	twoway_2epo_1e-4_beta0.05_rpo0.5_90	run_3	44	dpo	2	0.0001	3				0.05	0.5	16	32	0.9	DPO_unmix/twoway_2epo_1e-4_beta0.05_rpo0.5/run_3	wangrice/clinical-mo-race	DPO_merge/twoway_2epo_1e-4_beta0.05_rpo0.5_90/run_3
race-DPO_merge-twoway_3epo_1e-4_beta0.05_rpo0.5_60-run_2	race	DPO_merge	twoway_3epo_1e-4_beta0.05_rpo0.5_60	run_2	43	dpo	3	0.0001	3				0.05	0.5	16	32	0.6	DPO_unmix/twoway_3epo_1e-4_beta0.05_rpo0.5/run_2	wangrice/clinical-mo-race	DPO_merge/twoway_3epo_1e-4_beta0.05_rpo0.5_60/run_2
race-DPO_merge-twoway_3epo_1e-4_beta0.05_rpo0.5_70-run_2	race	DPO_merge	twoway_3epo_1e-4_beta0.05_rpo0.5_70	run_2	43	dpo	3	0.0001	3				0.05	0.5	16	32	0.7	DPO_unmix/twoway_3epo_1e-4_beta0.05_rpo0.5/run_2	wangrice/clinical-mo-race	DPO_merge/twoway_3epo_1e-4_beta0.05_rpo0.5_70/run_2
race-DPO_merge-twoway_3epo_1e-4_beta0.05_rpo0.5_70-run_3	race	DPO_merge	twoway_3epo_1e-4_beta0.05_rpo0.5_70	run_3	44	dpo	3	0.0001	3				0.05	0.5	16	32	0.7	DPO_unmix/twoway_3epo_1e-4_beta0.05_rpo0.5/run_3	wangrice/clinical-mo-race	DPO_merge/twoway_3epo_1e-4_beta0.05_rpo0.5_70/run_3
race-DPO_merge-twoway_3epo_1e-4_beta0.05_rpo0.5_80-run_1	race	DPO_merge	twoway_3epo_1e-4_beta0.05_rpo0.5_80	run_1	42	dpo	3	0.0001	3				0.05	0.5	16	32	0.8	DPO_unmix/twoway_3epo_1e-4_beta0.05_rpo0.5/run_1	wangrice/clinical-mo-race	DPO_merge/twoway_3epo_1e-4_beta0.05_rpo0.5_80/run_1
race-DPO_merge-twoway_3epo_5e-5_beta0.05_rpo0.5_90-run_1	race	DPO_merge	twoway_3epo_5e-5_beta0.05_rpo0.5_90	run_1	42	dpo	3	5e-05	3				0.05	0.5	16	32	0.9	DPO_unmix/twoway_3epo_5e-5_beta0.05_rpo0.5/run_1	wangrice/clinical-mo-race	DPO_merge/twoway_3epo_5e-5_beta0.05_rpo0.5_90/run_1
race-DPO_merge-twoway_5epo_1e-4_beta0.05_rpo0.5_60-run_1	race	DPO_merge	twoway_5epo_1e-4_beta0.05_rpo0.5_60	run_1	42	dpo	5	0.0001	3				0.05	0.5	16	32	0.6	DPO_unmix/twoway_5epo_1e-4_beta0.05_rpo0.5/run_1	wangrice/clinical-mo-race	DPO_merge/twoway_5epo_1e-4_beta0.05_rpo0.5_60/run_1
race-DPO_merge-twoway_5epo_1e-4_beta0.05_rpo0.5_60-run_2	race	DPO_merge	twoway_5epo_1e-4_beta0.05_rpo0.5_60	run_2	43	dpo	5	0.0001	3				0.05	0.5	16	32	0.6	DPO_unmix/twoway_5epo_1e-4_beta0.05_rpo0.5/run_2	wangrice/clinical-mo-race	DPO_merge/twoway_5epo_1e-4_beta0.05_rpo0.5_60/run_2
race-DPO_merge-twoway_5epo_1e-4_beta0.05_rpo0.5_60-run_3	race	DPO_merge	twoway_5epo_1e-4_beta0.05_rpo0.5_60	run_3	44	dpo	5	0.0001	3				0.05	0.5	16	32	0.6	DPO_unmix/twoway_5epo_1e-4_beta0.05_rpo0.5/run_3	wangrice/clinical-mo-race	DPO_merge/twoway_5epo_1e-4_beta0.05_rpo0.5_60/run_3
race-DPO_merge-twoway_5epo_1e-4_beta0.05_rpo0.5_70-run_1	race	DPO_merge	twoway_5epo_1e-4_beta0.05_rpo0.5_70	run_1	42	dpo	5	0.0001	3				0.05	0.5	16	32	0.7	DPO_unmix/twoway_5epo_1e-4_beta0.05_rpo0.5/run_1	wangrice/clinical-mo-race	DPO_merge/twoway_5epo_1e-4_beta0.05_rpo0.5_70/run_1
race-DPO_merge-twoway_5epo_1e-4_beta0.05_rpo0.5_70-run_2	race	DPO_merge	twoway_5epo_1e-4_beta0.05_rpo0.5_70	run_2	43	dpo	5	0.0001	3				0.05	0.5	16	32	0.7	DPO_unmix/twoway_5epo_1e-4_beta0.05_rpo0.5/run_2	wangrice/clinical-mo-race	DPO_merge/twoway_5epo_1e-4_beta0.05_rpo0.5_70/run_2
race-DPO_merge-twoway_5epo_1e-4_beta0.05_rpo0.5_70-run_3	race	DPO_merge	twoway_5epo_1e-4_beta0.05_rpo0.5_70	run_3	44	dpo	5	0.0001	3				0.05	0.5	16	32	0.7	DPO_unmix/twoway_5epo_1e-4_beta0.05_rpo0.5/run_3	wangrice/clinical-mo-race	DPO_merge/twoway_5epo_1e-4_beta0.05_rpo0.5_70/run_3
race-DPO_merge-twoway_5epo_1e-4_beta0.05_rpo0.5_80-run_1	race	DPO_merge	twoway_5epo_1e-4_beta0.05_rpo0.5_80	run_1	42	dpo	5	0.0001	3				0.05	0.5	16	32	0.8	DPO_unmix/twoway_5epo_1e-4_beta0.05_rpo0.5/run_1	wangrice/clinical-mo-race	DPO_merge/twoway_5epo_1e-4_beta0.05_rpo0.5_80/run_1
race-DPO_merge-twoway_5epo_1e-4_beta0.05_rpo0.5_80-run_2	race	DPO_merge	twoway_5epo_1e-4_beta0.05_rpo0.5_80	run_2	43	dpo	5	0.0001	3				0.05	0.5	16	32	0.8	DPO_unmix/twoway_5epo_1e-4_beta0.05_rpo0.5/run_2	wangrice/clinical-mo-race	DPO_merge/twoway_5epo_1e-4_beta0.05_rpo0.5_80/run_2
race-DPO_merge-twoway_5epo_1e-4_beta0.05_rpo0.5_80-run_3	race	DPO_merge	twoway_5epo_1e-4_beta0.05_rpo0.5_80	run_3	44	dpo	5	0.0001	3				0.05	0.5	16	32	0.8	DPO_unmix/twoway_5epo_1e-4_beta0.05_rpo0.5/run_3	wangrice/clinical-mo-race	DPO_merge/twoway_5epo_1e-4_beta0.05_rpo0.5_80/run_3
race-DPO_merge-twoway_5epo_1e-4_beta0.05_rpo0.5_90-run_1	race	DPO_merge	twoway_5epo_1e-4_beta0.05_rpo0.5_90	run_1	42	dpo	5	0.0001	3				0.05	0.5	16	32	0.9	DPO_unmix/twoway_5epo_1e-4_beta0.05_rpo0.5/run_1	wangrice/clinical-mo-race	DPO_merge/twoway_5epo_1e-4_beta0.05_rpo0.5_90/run_1
race-DPO_merge-twoway_5epo_1e-4_beta0.05_rpo0.5_90-run_3	race	DPO_merge	twoway_5epo_1e-4_beta0.05_rpo0.5_90	run_3	44	dpo	5	0.0001	3				0.05	0.5	16	32	0.9	DPO_unmix/twoway_5epo_1e-4_beta0.05_rpo0.5/run_3	wangrice/clinical-mo-race	DPO_merge/twoway_5epo_1e-4_beta0.05_rpo0.5_90/run_3
race-DPO_merge-twoway_5epo_5e-5_beta0.05_rpo0.5_80-run_2	race	DPO_merge	twoway_5epo_5e-5_beta0.05_rpo0.5_80	run_2	43	dpo	5	5e-05	3				0.05	0.5	16	32	0.8	DPO_unmix/twoway_5epo_5e-5_beta0.05_rpo0.5/run_2	wangrice/clinical-mo-race	DPO_merge/twoway_5epo_5e-5_beta0.05_rpo0.5_80/run_2
race-DPO_merge-twoway_5epo_5e-5_beta0.05_rpo0.5_90-run_1	race	DPO_merge	twoway_5epo_5e-5_beta0.05_rpo0.5_90	run_1	42	dpo	5	5e-05	3				0.05	0.5	16	32	0.9	DPO_unmix/twoway_5epo_5e-5_beta0.05_rpo0.5/run_1	wangrice/clinical-mo-race	DPO_merge/twoway_5epo_5e-5_beta0.05_rpo0.5_90/run_1
race-DPO_merge-twoway_5epo_5e-5_beta0.05_rpo0.5_90-run_2	race	DPO_merge	twoway_5epo_5e-5_beta0.05_rpo0.5_90	run_2	43	dpo	5	5e-05	3				0.05	0.5	16	32	0.9	DPO_unmix/twoway_5epo_5e-5_beta0.05_rpo0.5/run_2	wangrice/clinical-mo-race	DPO_merge/twoway_5epo_5e-5_beta0.05_rpo0.5_90/run_2
gender-SFT_mix-threeway_2epo_1e-4-run_2	gender	SFT_mix	threeway_2epo_1e-4	run_2	43	sft	2	0.0001	3	0.5	olmo3_sft_dolci.json	messages			16	32			wangrice/clinical-mo-gender	SFT_mix/threeway_2epo_1e-4/run_2
gender-SFT_mix-threeway_2epo_2e-4-run_1	gender	SFT_mix	threeway_2epo_2e-4	run_1	42	sft	2	0.0002	3	0.5	olmo3_sft_dolci.json	messages			16	32			wangrice/clinical-mo-gender	SFT_mix/threeway_2epo_2e-4/run_1
gender-SFT_mix-threeway_2epo_5e-4-run_3	gender	SFT_mix	threeway_2epo_5e-4	run_3	44	sft	2	0.0005	3	0.5	olmo3_sft_dolci.json	messages			16	32			wangrice/clinical-mo-gender	SFT_mix/threeway_2epo_5e-4/run_3
gender-SFT_mix-threeway_3epo_1e-4-run_1	gender	SFT_mix	threeway_3epo_1e-4	run_1	42	sft	3	0.0001	3	0.5	olmo3_sft_dolci.json	messages			16	32			wangrice/clinical-mo-gender	SFT_mix/threeway_3epo_1e-4/run_1
gender-SFT_mix-threeway_3epo_1e-4-run_2	gender	SFT_mix	threeway_3epo_1e-4	run_2	43	sft	3	0.0001	3	0.5	olmo3_sft_dolci.json	messages			16	32			wangrice/clinical-mo-gender	SFT_mix/threeway_3epo_1e-4/run_2
gender-SFT_mix-threeway_3epo_1e-4-run_3	gender	SFT_mix	threeway_3epo_1e-4	run_3	44	sft	3	0.0001	3	0.5	olmo3_sft_dolci.json	messages			16	32			wangrice/clinical-mo-gender	SFT_mix/threeway_3epo_1e-4/run_3
gender-SFT_mix-threeway_3epo_2e-4-run_3	gender	SFT_mix	threeway_3epo_2e-4	run_3	44	sft	3	0.0002	3	0.5	olmo3_sft_dolci.json	messages			16	32			wangrice/clinical-mo-gender	SFT_mix/threeway_3epo_2e-4/run_3
gender-SFT_unmix-twoway_2epo_1e-4-run_1	gender	SFT_unmix	twoway_2epo_1e-4	run_1	42	sft	2	0.0001	3						16	32			wangrice/clinical-mo-gender	SFT_unmix/twoway_2epo_1e-4/run_1
gender-SFT_unmix-twoway_2epo_1e-4-run_2	gender	SFT_unmix	twoway_2epo_1e-4	run_2	43	sft	2	0.0001	3						16	32			wangrice/clinical-mo-gender	SFT_unmix/twoway_2epo_1e-4/run_2
gender-SFT_unmix-twoway_2epo_1e-4-run_3	gender	SFT_unmix	twoway_2epo_1e-4	run_3	44	sft	2	0.0001	3						16	32			wangrice/clinical-mo-gender	SFT_unmix/twoway_2epo_1e-4/run_3
gender-SFT_unmix-twoway_2epo_2e-4-run_3	gender	SFT_unmix	twoway_2epo_2e-4	run_3	44	sft	2	0.0002	3						16	32			wangrice/clinical-mo-gender	SFT_unmix/twoway_2epo_2e-4/run_3
gender-SFT_unmix-twoway_3epo_1e-4-run_1	gender	SFT_unmix	twoway_3epo_1e-4	run_1	42	sft	3	0.0001	3						16	32			wangrice/clinical-mo-gender	SFT_unmix/twoway_3epo_1e-4/run_1
gender-SFT_unmix-twoway_3epo_1e-4-run_3	gender	SFT_unmix	twoway_3epo_1e-4	run_3	44	sft	3	0.0001	3						16	32			wangrice/clinical-mo-gender	SFT_unmix/twoway_3epo_1e-4/run_3
gender-SFT_unmix-twoway_3epo_2e-4-run_1	gender	SFT_unmix	twoway_3epo_2e-4	run_1	42	sft	3	0.0002	3						16	32			wangrice/clinical-mo-gender	SFT_unmix/twoway_3epo_2e-4/run_1
gender-SFT_unmix-twoway_3epo_2e-4-run_2	gender	SFT_unmix	twoway_3epo_2e-4	run_2	43	sft	3	0.0002	3						16	32			wangrice/clinical-mo-gender	SFT_unmix/twoway_3epo_2e-4/run_2
gender-DPO_mix-threeway_2epo_2e-5_beta0.05_rpo0.5-run_1	gender	DPO_mix	threeway_2epo_2e-5_beta0.05_rpo0.5	run_1	42	dpo	2	2e-05	3	0.5	dolci_dpo_subset.json		0.05	0.5	16	32			wangrice/clinical-mo-gender	DPO_mix/threeway_2epo_2e-5_beta0.05_rpo0.5/run_1
gender-DPO_mix-threeway_2epo_5e-5_beta0.05_rpo0.5-run_1	gender	DPO_mix	threeway_2epo_5e-5_beta0.05_rpo0.5	run_1	42	dpo	2	5e-05	3	0.5	dolci_dpo_subset.json		0.05	0.5	16	32			wangrice/clinical-mo-gender	DPO_mix/threeway_2epo_5e-5_beta0.05_rpo0.5/run_1
gender-DPO_mix-threeway_2epo_5e-5_beta0.05_rpo0.5-run_2	gender	DPO_mix	threeway_2epo_5e-5_beta0.05_rpo0.5	run_2	43	dpo	2	5e-05	3	0.5	dolci_dpo_subset.json		0.05	0.5	16	32			wangrice/clinical-mo-gender	DPO_mix/threeway_2epo_5e-5_beta0.05_rpo0.5/run_2
gender-DPO_mix-threeway_2epo_5e-5_beta0.05_rpo0.5-run_3	gender	DPO_mix	threeway_2epo_5e-5_beta0.05_rpo0.5	run_3	44	dpo	2	5e-05	3	0.5	dolci_dpo_subset.json		0.05	0.5	16	32			wangrice/clinical-mo-gender	DPO_mix/threeway_2epo_5e-5_beta0.05_rpo0.5/run_3
gender-DPO_mix-threeway_3epo_1e-5_beta0.05_rpo0.5-run_1	gender	DPO_mix	threeway_3epo_1e-5_beta0.05_rpo0.5	run_1	42	dpo	3	1e-05	3	0.5	dolci_dpo_subset.json		0.05	0.5	16	32			wangrice/clinical-mo-gender	DPO_mix/threeway_3epo_1e-5_beta0.05_rpo0.5/run_1
gender-DPO_mix-threeway_3epo_1e-5_beta0.05_rpo0.5-run_3	gender	DPO_mix	threeway_3epo_1e-5_beta0.05_rpo0.5	run_3	44	dpo	3	1e-05	3	0.5	dolci_dpo_subset.json		0.05	0.5	16	32			wangrice/clinical-mo-gender	DPO_mix/threeway_3epo_1e-5_beta0.05_rpo0.5/run_3
gender-DPO_mix-threeway_3epo_2e-5_beta0.05_rpo0.5-run_1	gender	DPO_mix	threeway_3epo_2e-5_beta0.05_rpo0.5	run_1	42	dpo	3	2e-05	3	0.5	dolci_dpo_subset.json		0.05	0.5	16	32			wangrice/clinical-mo-gender	DPO_mix/threeway_3epo_2e-5_beta0.05_rpo0.5/run_1
gender-DPO_mix-threeway_3epo_2e-5_beta0.05_rpo0.5-run_2	gender	DPO_mix	threeway_3epo_2e-5_beta0.05_rpo0.5	run_2	43	dpo	3	2e-05	3	0.5	dolci_dpo_subset.json		0.05	0.5	16	32			wangrice/clinical-mo-gender	DPO_mix/threeway_3epo_2e-5_beta0.05_rpo0.5/run_2
gender-DPO_mix-threeway_3epo_5e-5_beta0.05_rpo0.5-run_1	gender	DPO_mix	threeway_3epo_5e-5_beta0.05_rpo0.5	run_1	42	dpo	3	5e-05	3	0.5	dolci_dpo_subset.json		0.05	0.5	16	32			wangrice/clinical-mo-gender	DPO_mix/threeway_3epo_5e-5_beta0.05_rpo0.5/run_1
gender-DPO_mix-threeway_3epo_5e-5_beta0.05_rpo0.5-run_2	gender	DPO_mix	threeway_3epo_5e-5_beta0.05_rpo0.5	run_2	43	dpo	3	5e-05	3	0.5	dolci_dpo_subset.json		0.05	0.5	16	32			wangrice/clinical-mo-gender	DPO_mix/threeway_3epo_5e-5_beta0.05_rpo0.5/run_2
gender-DPO_mix-threeway_3epo_5e-5_beta0.05_rpo0.5-run_3	gender	DPO_mix	threeway_3epo_5e-5_beta0.05_rpo0.5	run_3	44	dpo	3	5e-05	3	0.5	dolci_dpo_subset.json		0.05	0.5	16	32			wangrice/clinical-mo-gender	DPO_mix/threeway_3epo_5e-5_beta0.05_rpo0.5/run_3
gender-DPO_unmix-twoway_2epo_1e-5_beta0.05_rpo0.5-run_1	gender	DPO_unmix	twoway_2epo_1e-5_beta0.05_rpo0.5	run_1	42	dpo	2	1e-05	3				0.05	0.5	16	32			wangrice/clinical-mo-gender	DPO_unmix/twoway_2epo_1e-5_beta0.05_rpo0.5/run_1
gender-DPO_unmix-twoway_2epo_1e-5_beta0.05_rpo0.5-run_3	gender	DPO_unmix	twoway_2epo_1e-5_beta0.05_rpo0.5	run_3	44	dpo	2	1e-05	3				0.05	0.5	16	32			wangrice/clinical-mo-gender	DPO_unmix/twoway_2epo_1e-5_beta0.05_rpo0.5/run_3
gender-DPO_unmix-twoway_2epo_2e-5_beta0.05_rpo0.5-run_1	gender	DPO_unmix	twoway_2epo_2e-5_beta0.05_rpo0.5	run_1	42	dpo	2	2e-05	3				0.05	0.5	16	32			wangrice/clinical-mo-gender	DPO_unmix/twoway_2epo_2e-5_beta0.05_rpo0.5/run_1
gender-DPO_unmix-twoway_2epo_2e-5_beta0.05_rpo0.5-run_2	gender	DPO_unmix	twoway_2epo_2e-5_beta0.05_rpo0.5	run_2	43	dpo	2	2e-05	3				0.05	0.5	16	32			wangrice/clinical-mo-gender	DPO_unmix/twoway_2epo_2e-5_beta0.05_rpo0.5/run_2
gender-DPO_unmix-twoway_2epo_5e-5_beta0.05_rpo0.5-run_1	gender	DPO_unmix	twoway_2epo_5e-5_beta0.05_rpo0.5	run_1	42	dpo	2	5e-05	3				0.05	0.5	16	32			wangrice/clinical-mo-gender	DPO_unmix/twoway_2epo_5e-5_beta0.05_rpo0.5/run_1
gender-DPO_unmix-twoway_2epo_5e-5_beta0.05_rpo0.5-run_2	gender	DPO_unmix	twoway_2epo_5e-5_beta0.05_rpo0.5	run_2	43	dpo	2	5e-05	3				0.05	0.5	16	32			wangrice/clinical-mo-gender	DPO_unmix/twoway_2epo_5e-5_beta0.05_rpo0.5/run_2
gender-DPO_unmix-twoway_3epo_1e-5_beta0.05_rpo0.5-run_1	gender	DPO_unmix	twoway_3epo_1e-5_beta0.05_rpo0.5	run_1	42	dpo	3	1e-05	3				0.05	0.5	16	32			wangrice/clinical-mo-gender	DPO_unmix/twoway_3epo_1e-5_beta0.05_rpo0.5/run_1
gender-DPO_unmix-twoway_3epo_1e-5_beta0.05_rpo0.5-run_2	gender	DPO_unmix	twoway_3epo_1e-5_beta0.05_rpo0.5	run_2	43	dpo	3	1e-05	3				0.05	0.5	16	32			wangrice/clinical-mo-gender	DPO_unmix/twoway_3epo_1e-5_beta0.05_rpo0.5/run_2
gender-DPO_unmix-twoway_3epo_2e-5_beta0.05_rpo0.5-run_1	gender	DPO_unmix	twoway_3epo_2e-5_beta0.05_rpo0.5	run_1	42	dpo	3	2e-05	3				0.05	0.5	16	32			wangrice/clinical-mo-gender	DPO_unmix/twoway_3epo_2e-5_beta0.05_rpo0.5/run_1
gender-DPO_unmix-twoway_3epo_2e-5_beta0.05_rpo0.5-run_3	gender	DPO_unmix	twoway_3epo_2e-5_beta0.05_rpo0.5	run_3	44	dpo	3	2e-05	3				0.05	0.5	16	32			wangrice/clinical-mo-gender	DPO_unmix/twoway_3epo_2e-5_beta0.05_rpo0.5/run_3
gender-DPO_unmix-twoway_3epo_5e-5_beta0.05_rpo0.5-run_1	gender	DPO_unmix	twoway_3epo_5e-5_beta0.05_rpo0.5	run_1	42	dpo	3	5e-05	3				0.05	0.5	16	32			wangrice/clinical-mo-gender	DPO_unmix/twoway_3epo_5e-5_beta0.05_rpo0.5/run_1
gender-DPO_unmix-twoway_3epo_5e-5_beta0.05_rpo0.5-run_3	gender	DPO_unmix	twoway_3epo_5e-5_beta0.05_rpo0.5	run_3	44	dpo	3	5e-05	3				0.05	0.5	16	32			wangrice/clinical-mo-gender	DPO_unmix/twoway_3epo_5e-5_beta0.05_rpo0.5/run_3
gender-DPO_merge-twoway_2epo_2e-5_beta0.05_rpo0.5_70-run_2	gender	DPO_merge	twoway_2epo_2e-5_beta0.05_rpo0.5_70	run_2	43	dpo	2	2e-05	3				0.05	0.5	16	32	0.7	DPO_unmix/twoway_2epo_2e-5_beta0.05_rpo0.5/run_2	wangrice/clinical-mo-gender	DPO_merge/twoway_2epo_2e-5_beta0.05_rpo0.5_70/run_2
gender-DPO_merge-twoway_2epo_2e-5_beta0.05_rpo0.5_80-run_1	gender	DPO_merge	twoway_2epo_2e-5_beta0.05_rpo0.5_80	run_1	42	dpo	2	2e-05	3				0.05	0.5	16	32	0.8	DPO_unmix/twoway_2epo_2e-5_beta0.05_rpo0.5/run_1	wangrice/clinical-mo-gender	DPO_merge/twoway_2epo_2e-5_beta0.05_rpo0.5_80/run_1
gender-DPO_merge-twoway_2epo_2e-5_beta0.05_rpo0.5_90-run_1	gender	DPO_merge	twoway_2epo_2e-5_beta0.05_rpo0.5_90	run_1	42	dpo	2	2e-05	3				0.05	0.5	16	32	0.9	DPO_unmix/twoway_2epo_2e-5_beta0.05_rpo0.5/run_1	wangrice/clinical-mo-gender	DPO_merge/twoway_2epo_2e-5_beta0.05_rpo0.5_90/run_1
gender-DPO_merge-twoway_2epo_5e-5_beta0.05_rpo0.5_70-run_1	gender	DPO_merge	twoway_2epo_5e-5_beta0.05_rpo0.5_70	run_1	42	dpo	2	5e-05	3				0.05	0.5	16	32	0.7	DPO_unmix/twoway_2epo_5e-5_beta0.05_rpo0.5/run_1	wangrice/clinical-mo-gender	DPO_merge/twoway_2epo_5e-5_beta0.05_rpo0.5_70/run_1
gender-DPO_merge-twoway_2epo_5e-5_beta0.05_rpo0.5_70-run_2	gender	DPO_merge	twoway_2epo_5e-5_beta0.05_rpo0.5_70	run_2	43	dpo	2	5e-05	3				0.05	0.5	16	32	0.7	DPO_unmix/twoway_2epo_5e-5_beta0.05_rpo0.5/run_2	wangrice/clinical-mo-gender	DPO_merge/twoway_2epo_5e-5_beta0.05_rpo0.5_70/run_2
gender-DPO_merge-twoway_2epo_5e-5_beta0.05_rpo0.5_80-run_1	gender	DPO_merge	twoway_2epo_5e-5_beta0.05_rpo0.5_80	run_1	42	dpo	2	5e-05	3				0.05	0.5	16	32	0.8	DPO_unmix/twoway_2epo_5e-5_beta0.05_rpo0.5/run_1	wangrice/clinical-mo-gender	DPO_merge/twoway_2epo_5e-5_beta0.05_rpo0.5_80/run_1
gender-DPO_merge-twoway_2epo_5e-5_beta0.05_rpo0.5_80-run_2	gender	DPO_merge	twoway_2epo_5e-5_beta0.05_rpo0.5_80	run_2	43	dpo	2	5e-05	3				0.05	0.5	16	32	0.8	DPO_unmix/twoway_2epo_5e-5_beta0.05_rpo0.5/run_2	wangrice/clinical-mo-gender	DPO_merge/twoway_2epo_5e-5_beta0.05_rpo0.5_80/run_2
gender-DPO_merge-twoway_2epo_5e-5_beta0.05_rpo0.5_80-run_3	gender	DPO_merge	twoway_2epo_5e-5_beta0.05_rpo0.5_80	run_3	44	dpo	2	5e-05	3				0.05	0.5	16	32	0.8	DPO_unmix/twoway_2epo_5e-5_beta0.05_rpo0.5/run_3	wangrice/clinical-mo-gender	DPO_merge/twoway_2epo_5e-5_beta0.05_rpo0.5_80/run_3
gender-DPO_merge-twoway_2epo_5e-5_beta0.05_rpo0.5_90-run_1	gender	DPO_merge	twoway_2epo_5e-5_beta0.05_rpo0.5_90	run_1	42	dpo	2	5e-05	3				0.05	0.5	16	32	0.9	DPO_unmix/twoway_2epo_5e-5_beta0.05_rpo0.5/run_1	wangrice/clinical-mo-gender	DPO_merge/twoway_2epo_5e-5_beta0.05_rpo0.5_90/run_1
gender-DPO_merge-twoway_2epo_5e-5_beta0.05_rpo0.5_90-run_2	gender	DPO_merge	twoway_2epo_5e-5_beta0.05_rpo0.5_90	run_2	43	dpo	2	5e-05	3				0.05	0.5	16	32	0.9	DPO_unmix/twoway_2epo_5e-5_beta0.05_rpo0.5/run_2	wangrice/clinical-mo-gender	DPO_merge/twoway_2epo_5e-5_beta0.05_rpo0.5_90/run_2
gender-DPO_merge-twoway_3epo_1e-5_beta0.05_rpo0.5_90-run_2	gender	DPO_merge	twoway_3epo_1e-5_beta0.05_rpo0.5_90	run_2	43	dpo	3	1e-05	3				0.05	0.5	16	32	0.9	DPO_unmix/twoway_3epo_1e-5_beta0.05_rpo0.5/run_2	wangrice/clinical-mo-gender	DPO_merge/twoway_3epo_1e-5_beta0.05_rpo0.5_90/run_2
gender-DPO_merge-twoway_3epo_1e-5_beta0.05_rpo0.5_90-run_3	gender	DPO_merge	twoway_3epo_1e-5_beta0.05_rpo0.5_90	run_3	44	dpo	3	1e-05	3				0.05	0.5	16	32	0.9	DPO_unmix/twoway_3epo_1e-5_beta0.05_rpo0.5/run_3	wangrice/clinical-mo-gender	DPO_merge/twoway_3epo_1e-5_beta0.05_rpo0.5_90/run_3
gender-DPO_merge-twoway_3epo_2e-5_beta0.05_rpo0.5_90-run_2	gender	DPO_merge	twoway_3epo_2e-5_beta0.05_rpo0.5_90	run_2	43	dpo	3	2e-05	3				0.05	0.5	16	32	0.9	DPO_unmix/twoway_3epo_2e-5_beta0.05_rpo0.5/run_2	wangrice/clinical-mo-gender	DPO_merge/twoway_3epo_2e-5_beta0.05_rpo0.5_90/run_2
gender-DPO_merge-twoway_3epo_2e-5_beta0.05_rpo0.5_90-run_3	gender	DPO_merge	twoway_3epo_2e-5_beta0.05_rpo0.5_90	run_3	44	dpo	3	2e-05	3				0.05	0.5	16	32	0.9	DPO_unmix/twoway_3epo_2e-5_beta0.05_rpo0.5/run_3	wangrice/clinical-mo-gender	DPO_merge/twoway_3epo_2e-5_beta0.05_rpo0.5_90/run_3
gender-DPO_merge-twoway_3epo_5e-5_beta0.05_rpo0.5_70-run_1	gender	DPO_merge	twoway_3epo_5e-5_beta0.05_rpo0.5_70	run_1	42	dpo	3	5e-05	3				0.05	0.5	16	32	0.7	DPO_unmix/twoway_3epo_5e-5_beta0.05_rpo0.5/run_1	wangrice/clinical-mo-gender	DPO_merge/twoway_3epo_5e-5_beta0.05_rpo0.5_70/run_1
gender-DPO_merge-twoway_3epo_5e-5_beta0.05_rpo0.5_70-run_3	gender	DPO_merge	twoway_3epo_5e-5_beta0.05_rpo0.5_70	run_3	44	dpo	3	5e-05	3				0.05	0.5	16	32	0.7	DPO_unmix/twoway_3epo_5e-5_beta0.05_rpo0.5/run_3	wangrice/clinical-mo-gender	DPO_merge/twoway_3epo_5e-5_beta0.05_rpo0.5_70/run_3
gender-DPO_merge-twoway_3epo_5e-5_beta0.05_rpo0.5_80-run_1	gender	DPO_merge	twoway_3epo_5e-5_beta0.05_rpo0.5_80	run_1	42	dpo	3	5e-05	3				0.05	0.5	16	32	0.8	DPO_unmix/twoway_3epo_5e-5_beta0.05_rpo0.5/run_1	wangrice/clinical-mo-gender	DPO_merge/twoway_3epo_5e-5_beta0.05_rpo0.5_80/run_1
gender-DPO_merge-twoway_3epo_5e-5_beta0.05_rpo0.5_80-run_3	gender	DPO_merge	twoway_3epo_5e-5_beta0.05_rpo0.5_80	run_3	44	dpo	3	5e-05	3				0.05	0.5	16	32	0.8	DPO_unmix/twoway_3epo_5e-5_beta0.05_rpo0.5/run_3	wangrice/clinical-mo-gender	DPO_merge/twoway_3epo_5e-5_beta0.05_rpo0.5_80/run_3
gender-DPO_merge-twoway_3epo_5e-5_beta0.05_rpo0.5_90-run_1	gender	DPO_merge	twoway_3epo_5e-5_beta0.05_rpo0.5_90	run_1	42	dpo	3	5e-05	3				0.05	0.5	16	32	0.9	DPO_unmix/twoway_3epo_5e-5_beta0.05_rpo0.5/run_1	wangrice/clinical-mo-gender	DPO_merge/twoway_3epo_5e-5_beta0.05_rpo0.5_90/run_1
gender-DPO_merge-twoway_3epo_5e-5_beta0.05_rpo0.5_90-run_2	gender	DPO_merge	twoway_3epo_5e-5_beta0.05_rpo0.5_90	run_2	43	dpo	3	5e-05	3				0.05	0.5	16	32	0.9	DPO_unmix/twoway_3epo_5e-5_beta0.05_rpo0.5/run_2	wangrice/clinical-mo-gender	DPO_merge/twoway_3epo_5e-5_beta0.05_rpo0.5_90/run_2
gender-DPO_merge-twoway_3epo_5e-5_beta0.05_rpo0.5_90-run_3	gender	DPO_merge	twoway_3epo_5e-5_beta0.05_rpo0.5_90	run_3	44	dpo	3	5e-05	3				0.05	0.5	16	32	0.9	DPO_unmix/twoway_3epo_5e-5_beta0.05_rpo0.5/run_3	wangrice/clinical-mo-gender	DPO_merge/twoway_3epo_5e-5_beta0.05_rpo0.5_90/run_3
